<MigrationProcessCSVMetadataVO>
   <MigrationProcessCSVMetadataVORow>
      <ProcessId>-999</ProcessId>
      <ProcessName>Manage Mapping Sets_20240521_062240_334</ProcessName>
      <ProcessDescription>Manage Mapping Sets_20240521_062240_334</ProcessDescription>
      <ProcessDate>2024-05-21 18:24:26.209</ProcessDate>
      <ObjectShortName>XLA_MANAGE_MAPPING_SET</ObjectShortName>
      <ObjectType>TASK</ObjectType>
      <CreatedByFlow>TASK_CSV_SERVICE</CreatedByFlow>
      <MigrationProcessBusinessObjectCSVMetadata1>
         <MigrationProcessBusinessObjectCSVMetadataVORow>
            <ProcessId>-999</ProcessId>
            <BusinessObjectShortName>XLA_GL_LEDGER</BusinessObjectShortName>
            <BatchName>CleanUpBatch</BatchName>
            <XmlAttributeList>ChartOfAccountsId,CodeCombinationId,ConcatSegs,ErrorMessage,Segment1,Segment10,Segment11,Segment12,Segment13,Segment14,Segment15,Segment16,Segment17,Segment18,Segment19,Segment2,Segment20,Segment21,Segment22,Segment23,Segment24,Segment25,Segment26,Segment27,Segment28,Segment29,Segment3,Segment30,Segment4,Segment5,Segment6,Segment7,Segment8,Segment9</XmlAttributeList>
            <XmlAttributeTypeList>long,long,string,string,string,string,string,string,string,string,string,string,string,string,string,string,string,string,string,string,string,string,string,string,string,string,string,string,string,string,string,string,string,string</XmlAttributeTypeList>
            <XmlNodePath>/GlBulkCombinationsGTVO/GlBulkCombinationsGTVORow</XmlNodePath>
            <NodeSequence>7</NodeSequence>
         </MigrationProcessBusinessObjectCSVMetadataVORow>
         <MigrationProcessBusinessObjectCSVMetadataVORow>
            <ProcessId>-999</ProcessId>
            <BusinessObjectShortName>ORA_XLA_MAPPING_SET_INPUT_SOURCE</BusinessObjectShortName>
            <BatchName>MappingSet</BatchName>
            <XmlAttributeList>AmbContextCode,CreatedBy,CreationDate,FlexSegment,InputSeq,LastUpdateDate,LastUpdateLogin,LastUpdatedBy,LookupType,MappingSetCode,SourceCode,SourceTypeCode,SourceApplicationShortName,ViewApplicationShortName,ValueSetCode,SourceOriginCode</XmlAttributeList>
            <XmlAttributeTypeList>string,string,dateTime,string,long,dateTime,string,string,string,string,string,string,string,string,string,string</XmlAttributeTypeList>
            <XmlNodePath>/MappingSetVO/MappingSetVORow/MappingsetInput/MappingsetInputVORow</XmlNodePath>
            <NodeSequence>3</NodeSequence>
         </MigrationProcessBusinessObjectCSVMetadataVORow>
         <MigrationProcessBusinessObjectCSVMetadataVORow>
            <ProcessId>-999</ProcessId>
            <BusinessObjectShortName>ORA_XLA_MAPPING_SET_VALUE_ASSIGNMENT</BusinessObjectShortName>
            <BatchName>MappingSet</BatchName>
            <XmlAttributeList>AmbContextCode,CreatedBy,CreationDate,EnabledFlag,FlexfieldSegmentCode,LastUpdateDate,LastUpdateLogin,LastUpdatedBy,MappingSetCode,StructureId,StructureInstanceId,FlexfieldAssignModeCode,ApplicationShortName,CoaStrInstCode,ValueSetCode,DefaultConstant,DefaultCcidSegments,FlexfieldAssignModeCodeSvc</XmlAttributeList>
            <XmlAttributeTypeList>string,string,dateTime,string,string,dateTime,string,string,string,long,long,string,string,string,string,string,string,string</XmlAttributeTypeList>
            <XmlNodePath>/MappingSetVO/MappingSetVORow/MappingSetFlavor/MappingSetFlavorVORow</XmlNodePath>
            <NodeSequence>4</NodeSequence>
         </MigrationProcessBusinessObjectCSVMetadataVORow>
         <MigrationProcessBusinessObjectCSVMetadataVORow>
            <ProcessId>-999</ProcessId>
            <BusinessObjectShortName>XLA_TAB_ACCT_TYPE</BusinessObjectShortName>
            <BatchName>PreProcessingBatch</BatchName>
            <XmlAttributeList>AeHeaderId,LedgerId,BalanceTypeCode,GlTransferStatusCode,HeaderNum</XmlAttributeList>
            <XmlAttributeTypeList>long,long,string,string,long</XmlAttributeTypeList>
            <XmlNodePath>/PreProcessMSChildBatchVO/PreProcessMSChildBatchVORow</XmlNodePath>
            <NodeSequence>5</NodeSequence>
         </MigrationProcessBusinessObjectCSVMetadataVORow>
         <MigrationProcessBusinessObjectCSVMetadataVORow>
            <ProcessId>-999</ProcessId>
            <BusinessObjectShortName>XLA_MAPPING_SET</BusinessObjectShortName>
            <BatchName>MappingSet</BatchName>
            <XmlAttributeList>AmbContextCode,CreatedBy,CreationDate,DefaultValue,Description,EnabledFlag,FlexfieldAssignModeCode,FlexfieldSegmentCode,LastUpdateDate,LastUpdateLogin,LastUpdatedBy,MappingSetCode,Name,NumInputs,OwnerCode,ToBeDeleted,UpdatedFlag,VersionNum,ApplicationShortName</XmlAttributeList>
            <XmlAttributeTypeList>string,string,dateTime,string,string,string,string,string,dateTime,string,string,string,string,long,string,string,string,long,string</XmlAttributeTypeList>
            <XmlNodePath>/MappingSetVO/MappingSetVORow</XmlNodePath>
            <NodeSequence>1</NodeSequence>
         </MigrationProcessBusinessObjectCSVMetadataVORow>
         <MigrationProcessBusinessObjectCSVMetadataVORow>
            <ProcessId>-999</ProcessId>
            <BusinessObjectShortName>XLA_MAPPING_SET_TRANSLATION</BusinessObjectShortName>
            <BatchName>MappingSet</BatchName>
            <XmlAttributeList>AmbContextCode,CreatedBy,CreationDate,Description,Language,LastUpdateDate,LastUpdateLogin,LastUpdatedBy,MappingSetCode,Name,SourceLang</XmlAttributeList>
            <XmlAttributeTypeList>string,string,dateTime,string,string,dateTime,string,string,string,string,string</XmlAttributeTypeList>
            <XmlNodePath>/MappingSetVO/MappingSetVORow/MappingSetTranslation/MappingSetTranslationVORow</XmlNodePath>
            <NodeSequence>1</NodeSequence>
         </MigrationProcessBusinessObjectCSVMetadataVORow>
         <MigrationProcessBusinessObjectCSVMetadataVORow>
            <ProcessId>-999</ProcessId>
            <BusinessObjectShortName>XLA_MAPPING_SET_VALUES</BusinessObjectShortName>
            <BatchName>MappingSetValueBatch</BatchName>
            <XmlAttributeList>AmbContextCode,ConcatInput,CreatedBy,CreationDate,EnabledFlag,InputHash,InputValueConstant1,InputValueConstant10,InputValueConstant2,InputValueConstant3,InputValueConstant4,InputValueConstant5,InputValueConstant6,InputValueConstant7,InputValueConstant8,InputValueConstant9,LastUpdateDate,LastUpdateLogin,LastUpdatedBy,MappingSetCode,StripeId,ValueConstant,ApplicationShortName,TransactionCoaStrInsCode,ValueCodeCombinationSegments,FlavorStrInstanceNumber,EffectiveEndDate,EffectiveStartDate</XmlAttributeList>
            <XmlAttributeTypeList>string,string,string,dateTime,string,string,string,string,string,string,string,string,string,string,string,string,dateTime,string,string,string,long,string,string,string,string,long,date,date</XmlAttributeTypeList>
            <XmlNodePath>/MappingSetValueVO/MappingSetValueVORow</XmlNodePath>
            <NodeSequence>6</NodeSequence>
         </MigrationProcessBusinessObjectCSVMetadataVORow>
      </MigrationProcessBusinessObjectCSVMetadata1>
      <MigrationProcessBatchCSVMetadata>
         <MigrationProcessBatchCSVMetadataVORow>
            <ProcessId>-999</ProcessId>
            <BatchName>MappingSet</BatchName>
            <ImportSequence>0</ImportSequence>
            <ServiceName>oracle.apps.financials.subledgerAccounting.accountingMethodSetup.mappingSetsService.model.MappingSetsService</ServiceName>
            <BatchSize>500</BatchSize>
         </MigrationProcessBatchCSVMetadataVORow>
         <MigrationProcessBatchCSVMetadataVORow>
            <ProcessId>-999</ProcessId>
            <BatchName>PreProcessingBatch</BatchName>
            <ImportSequence>1</ImportSequence>
            <ServiceName>oracle.apps.financials.subledgerAccounting.accountingMethodSetup.mappingSetsService.model.MappingSetsService</ServiceName>
            <BatchSize>1000</BatchSize>
         </MigrationProcessBatchCSVMetadataVORow>
         <MigrationProcessBatchCSVMetadataVORow>
            <ProcessId>-999</ProcessId>
            <BatchName>MappingSetValueBatch</BatchName>
            <ImportSequence>2</ImportSequence>
            <ServiceName>oracle.apps.financials.subledgerAccounting.accountingMethodSetup.mappingSetsService.model.MappingSetsService</ServiceName>
            <BatchSize>5000</BatchSize>
         </MigrationProcessBatchCSVMetadataVORow>
         <MigrationProcessBatchCSVMetadataVORow>
            <ProcessId>-999</ProcessId>
            <BatchName>CleanUpBatch</BatchName>
            <ImportSequence>3</ImportSequence>
            <ServiceName>oracle.apps.financials.subledgerAccounting.accountingMethodSetup.mappingSetsService.model.MappingSetsService</ServiceName>
            <BatchSize>500</BatchSize>
         </MigrationProcessBatchCSVMetadataVORow>
      </MigrationProcessBatchCSVMetadata>
      <MigrationProcessScopeValueCSVMetadata null="true"/>
      <MigrationProcessMigrationObjectCSVMetadata>
         <MigrationProcessMigrationObjectCSVMetadataVORow>
            <ProcessId>-999</ProcessId>
            <BusinessObjectShortName>ORA_XLA_MAPPING_SET_INPUT_SOURCE</BusinessObjectShortName>
            <MigrateFlag>Y</MigrateFlag>
            <IncludeExternalDataFlag>Y</IncludeExternalDataFlag>
         </MigrationProcessMigrationObjectCSVMetadataVORow>
         <MigrationProcessMigrationObjectCSVMetadataVORow>
            <ProcessId>-999</ProcessId>
            <BusinessObjectShortName>ORA_XLA_MAPPING_SET_VALUE_ASSIGNMENT</BusinessObjectShortName>
            <MigrateFlag>Y</MigrateFlag>
            <IncludeExternalDataFlag>Y</IncludeExternalDataFlag>
         </MigrationProcessMigrationObjectCSVMetadataVORow>
         <MigrationProcessMigrationObjectCSVMetadataVORow>
            <ProcessId>-999</ProcessId>
            <BusinessObjectShortName>XLA_MAPPING_SET</BusinessObjectShortName>
            <MigrateFlag>Y</MigrateFlag>
            <IncludeExternalDataFlag>Y</IncludeExternalDataFlag>
         </MigrationProcessMigrationObjectCSVMetadataVORow>
         <MigrationProcessMigrationObjectCSVMetadataVORow>
            <ProcessId>-999</ProcessId>
            <BusinessObjectShortName>XLA_MAPPING_SET_VALUES</BusinessObjectShortName>
            <MigrateFlag>Y</MigrateFlag>
            <IncludeExternalDataFlag>Y</IncludeExternalDataFlag>
         </MigrationProcessMigrationObjectCSVMetadataVORow>
         <MigrationProcessMigrationObjectCSVMetadataVORow>
            <ProcessId>-999</ProcessId>
            <BusinessObjectShortName>XLA_GL_LEDGER</BusinessObjectShortName>
            <MigrateFlag>Y</MigrateFlag>
            <IncludeExternalDataFlag>Y</IncludeExternalDataFlag>
         </MigrationProcessMigrationObjectCSVMetadataVORow>
         <MigrationProcessMigrationObjectCSVMetadataVORow>
            <ProcessId>-999</ProcessId>
            <BusinessObjectShortName>XLA_TAB_ACCT_TYPE</BusinessObjectShortName>
            <MigrateFlag>Y</MigrateFlag>
            <IncludeExternalDataFlag>Y</IncludeExternalDataFlag>
         </MigrationProcessMigrationObjectCSVMetadataVORow>
      </MigrationProcessMigrationObjectCSVMetadata>
      <MigrationProcessTaskCSVMetadata null="true"/>
      <MigrationProcessServiceVersionCSVMetadata null="true"/>
   </MigrationProcessCSVMetadataVORow>
</MigrationProcessCSVMetadataVO>