"XLA_MAPPING_SET.AmbContextCode","XLA_MAPPING_SET.ApplicationShortName","XLA_MAPPING_SET.MappingSetCode","AmbContextCode","ApplicationShortName","MappingSetCode","CoaStrInstCode","ValueSetCode","CreatedBy","CreationDate","EnabledFlag","FlexfieldSegmentCode","LastUpdateDate","LastUpdateLogin","LastUpdatedBy","StructureId","StructureInstanceId","FlexfieldAssignModeCode","DefaultConstant","DefaultCcidSegments","FlexfieldAssignModeCodeSvc"
"DEFAULT","PO","PO_EXPENSE_ACCR_ACCT_BU_MS","DEFAULT","PO","PO_EXPENSE_ACCR_ACCT_BU_MS","MX_COA","A","methanex.integ@methanex.com","2020/12/01 22:24:41.0","Y","","2023/11/09 00:33:56.648","09AB4FFEE1F8B9F1E0639052500A1670","methanex.integ@methanex.com","","","","","","A"
"DEFAULT","CST","CST_ACCRUAL_ACCT_ORG_MS","DEFAULT","CST","CST_ACCRUAL_ACCT_ORG_MS","MX_COA","A","methanex.integ@methanex.com","2020/12/01 22:24:44.104","Y","","2023/11/09 00:33:59.499","09AB4FFEE1F8B9F1E0639052500A1670","methanex.integ@methanex.com","","","","","","A"
"DEFAULT","CST","CST_EXPENSE_ACCT_ORG_MS","DEFAULT","CST","CST_EXPENSE_ACCT_ORG_MS","MX_COA","A","GL.Admin","2020/12/01 22:24:44.208","Y","","2020/12/01 22:24:49.895","B386DBB41FC2ABB2E053A4AF550A579C","GL.Admin","","","","","","A"
"DEFAULT","CST","CST_INV_PRICE_VAR_ACCT_ORG_MS","DEFAULT","CST","CST_INV_PRICE_VAR_ACCT_ORG_MS","MX_COA","A","methanex.integ@methanex.com","2020/12/01 22:24:44.289","Y","","2023/11/09 00:34:00.192","09AB4FFEE1F8B9F1E0639052500A1670","methanex.integ@methanex.com","","","","","","A"
"DEFAULT","CST","CST_MATERIAL_ACCT_ORG_MS","DEFAULT","CST","CST_MATERIAL_ACCT_ORG_MS","MX_COA","A","methanex.integ@methanex.com","2020/12/01 22:24:44.376","Y","","2023/11/09 00:34:00.905","09AB4FFEE1F8B9F1E0639052500A1670","methanex.integ@methanex.com","","","","","","A"
"DEFAULT","PO","MX_PO_DEPARTMENT_CC_MS","DEFAULT","PO","MX_PO_DEPARTMENT_CC_MS","MX_COA","S","methanex.integ@methanex.com","2020/12/11 18:49:03.759","Y","SEGMENT3","2023/11/09 00:33:56.716","09AB4FFEE1F8B9F1E0639052500A1670","methanex.integ@methanex.com","","","","","","S"
"DEFAULT","CST","MX_COMPANY","DEFAULT","CST","MX_COMPANY","MX_COA","S","methanex.integ@methanex.com","2020/12/15 08:34:36.0","Y","SEGMENT1","2023/11/09 00:33:57.812","09AB4FFEE1F8B9F1E0639052500A1670","methanex.integ@methanex.com","","","","","","S"
"DEFAULT","PO","MX_PO_NATURAL_ACCOUNT_MS","DEFAULT","PO","MX_PO_NATURAL_ACCOUNT_MS","MX_COA","S","methanex.integ@methanex.com","2020/12/01 22:24:48.818","Y","SEGMENT4","2023/11/09 00:33:55.642","09AB4FFEE1F8B9F1E0639052500A1670","methanex.integ@methanex.com","","","","","","S"
"DEFAULT","AR","LE_MAPPING_SET","DEFAULT","AR","LE_MAPPING_SET","MX_COA","S","methanex.integ@methanex.com","2020/12/01 22:24:49.712","Y","SEGMENT1","2023/11/09 00:33:57.713","09AB4FFEE1F8B9F1E0639052500A1670","methanex.integ@methanex.com","","","","","","S"
"DEFAULT","CST","MX_INTERCOMPANY","DEFAULT","CST","MX_INTERCOMPANY","MX_COA","S","methanex.integ@methanex.com","2020/12/15 08:49:59.539","Y","SEGMENT8","2023/11/09 00:33:58.63","09AB4FFEE1F8B9F1E0639052500A1670","methanex.integ@methanex.com","","","","","","S"
"DEFAULT","CMR","MX_TRADE_CLEARING","DEFAULT","CMR","MX_TRADE_CLEARING","BE_MX_COA","A","COST.Admin","2020/12/15 01:53:20.327","Y","","2020/12/15 01:54:03.737","B387BCE5024BF3B8E053A6AF550A87DC","COST.Admin","","","","","00000
000
1000
441
000
00000000
0000000000
00000
00000





















","A"
"DEFAULT","CMR","MX_TRADE_CLEARING","DEFAULT","CMR","MX_TRADE_CLEARING","MX_COA","A","COST.Admin","2020/12/15 01:53:39.588","Y","","2020/12/15 01:54:03.744","B387BCE5024BF3B8E053A6AF550A87DC","COST.Admin","","","","","00000
000
1000
21009
000
00000000
0000000000
00000
00000





















","A"
"DEFAULT","CST","MX_LOC_DIR_ORG_XFER","DEFAULT","CST","MX_LOC_DIR_ORG_XFER","MX_COA","S","methanex.integ@methanex.com","2020/12/15 09:17:00.156","Y","SEGMENT2","2023/11/09 00:33:59.188","09AB4FFEE1F8B9F1E0639052500A1670","methanex.integ@methanex.com","","","","","","S"
"DEFAULT","CST","MX_LOC_INTRANSIT_INTERORG_XFER","DEFAULT","CST","MX_LOC_INTRANSIT_INTERORG_XFER","MX_COA","S","methanex.integ@methanex.com","2020/12/15 09:18:11.24","Y","SEGMENT2","2023/11/09 00:33:59.395","09AB4FFEE1F8B9F1E0639052500A1670","methanex.integ@methanex.com","","","","","","S"
"DEFAULT","CST","MX_LOC_SO_ISSUE","DEFAULT","CST","MX_LOC_SO_ISSUE","MX_COA","S","methanex.integ@methanex.com","2020/12/15 09:19:55.397","Y","SEGMENT2","2023/11/09 00:34:00.097","09AB4FFEE1F8B9F1E0639052500A1670","methanex.integ@methanex.com","","","","","","S"
"DEFAULT","CST","MX_INV_VALUATION","DEFAULT","CST","MX_INV_VALUATION","MX_COA","A","methanex.integ@methanex.com","2020/12/15 09:10:12.725","Y","","2023/11/09 00:33:58.304","09AB4FFEE1F8B9F1E0639052500A1670","methanex.integ@methanex.com","","","","","","A"
"DEFAULT","CMR","MX_RCV_INSPECTION","DEFAULT","CMR","MX_RCV_INSPECTION","BE_MX_COA","A","COST.Admin","2020/12/15 01:52:40.817","Y","","2021/02/09 20:13:14.11","BAAEBD5FBCD5F781E053A6AF550A0F53","COST.Admin","","","","","00000
100
1000
340
000
00000000
0000000000
00000
00000





















","A"
"DEFAULT","CMR","MX_RCV_INSPECTION","DEFAULT","CMR","MX_RCV_INSPECTION","MX_COA","A","COST.Admin","2020/12/15 01:52:23.331","Y","","2021/02/09 20:13:14.118","BAAEBD5FBCD5F781E053A6AF550A0F53","COST.Admin","","","","","00000
100
1000
13100
000
00000000
0000000000
00000
00000





















","A"
"DEFAULT","CST","MX_MAT_OVERHEAD_ABS","DEFAULT","CST","MX_MAT_OVERHEAD_ABS","MX_COA","A","COST.Admin","2020/12/15 09:33:29.748","Y","","2021/04/07 00:04:20.532","BAAEABB903A9F76FE053A6AF550A4EF8","COST.Admin","","","","","00000
000
1000
50000
000
00000000
0000000000
00000
00000





















","A"
"DEFAULT","AR","IC_SEGMENT_MAPPING","DEFAULT","AR","IC_SEGMENT_MAPPING","MX_COA","S","methanex.integ@methanex.com","2021/03/24 17:10:01.912","Y","SEGMENT8","2023/11/09 00:34:02.822","09AB4FFEE1F8B9F1E0639052500A1670","methanex.integ@methanex.com","","","","","","S"
"DEFAULT","CST","MX_TRADE_INTRANSIT_VAL","DEFAULT","CST","MX_TRADE_INTRANSIT_VAL","MX_COA","A","methanex.integ@methanex.com","2021/02/12 19:02:43.0","Y","","2023/11/09 00:33:59.886","09AB4FFEE1F8B9F1E0639052500A1670","methanex.integ@methanex.com","","","","","","A"
"DEFAULT","CST","MX_LOC_PO_DEL","DEFAULT","CST","MX_LOC_PO_DEL","MX_COA","S","methanex.integ@methanex.com","2020/12/15 09:19:19.522","Y","SEGMENT2","2023/11/09 00:34:00.009","09AB4FFEE1F8B9F1E0639052500A1670","methanex.integ@methanex.com","","","","","","S"
"DEFAULT","CST","MX_INTERORG_GAIN_LOSS","DEFAULT","CST","MX_INTERORG_GAIN_LOSS","MX_COA","A","COST.Admin","2020/12/15 09:08:41.554","Y","","2020/12/15 09:38:00.768","B386E131F3BDA975E053A4AF550A4ACF","COST.Admin","","","","","00000
000
1000
21009
000
00000000
0000000000
00000
00000





















","A"
"DEFAULT","CST","MX_NA_INV_SO_ISSUE","DEFAULT","CST","MX_NA_INV_SO_ISSUE","MX_COA","S","methanex.integ@methanex.com","2020/12/15 09:28:01.797","Y","SEGMENT4","2023/11/09 00:34:00.614","09AB4FFEE1F8B9F1E0639052500A1670","methanex.integ@methanex.com","","","","","","S"
"DEFAULT","CST","MX_NA_INV_INTRANSIT_XFER","DEFAULT","CST","MX_NA_INV_INTRANSIT_XFER","MX_COA","S","methanex.integ@methanex.com","2020/12/15 09:26:42.395","Y","SEGMENT4","2023/11/09 00:34:00.184","09AB4FFEE1F8B9F1E0639052500A1670","methanex.integ@methanex.com","","","","","","S"
"DEFAULT","CST","MX_NA_INV_DIRECT_ORG_XFER","DEFAULT","CST","MX_NA_INV_DIRECT_ORG_XFER","MX_COA","S","methanex.integ@methanex.com","2020/12/15 09:26:16.327","Y","SEGMENT4","2023/11/09 00:33:59.491","09AB4FFEE1F8B9F1E0639052500A1670","methanex.integ@methanex.com","","","","","","S"
"DEFAULT","CST","MX_LOC_ACQ_COST_ADJ","DEFAULT","CST","MX_LOC_ACQ_COST_ADJ","MX_COA","S","methanex.integ@methanex.com","2020/12/15 09:15:48.208","Y","SEGMENT2","2023/11/09 00:33:58.335","09AB4FFEE1F8B9F1E0639052500A1670","methanex.integ@methanex.com","","","","","","S"
"DEFAULT","CST","MX_LOC_IC_COGS","DEFAULT","CST","MX_LOC_IC_COGS","MX_COA","S","methanex.integ@methanex.com","2020/12/15 09:17:31.726","Y","SEGMENT2","2023/11/09 00:34:00.523","09AB4FFEE1F8B9F1E0639052500A1670","methanex.integ@methanex.com","","","","","","S"
"DEFAULT","CMR","MX_INTER_ORG_PAYABLES","DEFAULT","CMR","MX_INTER_ORG_PAYABLES","BE_MX_COA","A","COST.Admin","2020/12/15 01:50:09.17","Y","","2020/12/15 01:51:14.8","B387BCE5024BF3B8E053A6AF550A87DC","COST.Admin","","","","","00000
000
1000
441
000
00000000
0000000000
00000
00000





















","A"
"DEFAULT","CMR","MX_INTER_ORG_PAYABLES","DEFAULT","CMR","MX_INTER_ORG_PAYABLES","MX_COA","A","COST.Admin","2020/12/15 01:50:27.542","Y","","2020/12/15 01:51:14.806","B387BCE5024BF3B8E053A6AF550A87DC","COST.Admin","","","","","00000
000
1000
21009
000
00000000
0000000000
00000
00000





















","A"
"DEFAULT","CMR","MX_TRADE_INTRANSIT_VALUATION","DEFAULT","CMR","MX_TRADE_INTRANSIT_VALUATION","BE_MX_COA","A","COST.Admin","2020/12/15 01:54:20.027","Y","","2020/12/15 01:55:09.234","B387BCE5024BF3B8E053A6AF550A87DC","COST.Admin","","","","","00000
100
1000
340
000
00000000
0000000000
00000
00000





















","A"
"DEFAULT","CMR","MX_TRADE_INTRANSIT_VALUATION","DEFAULT","CMR","MX_TRADE_INTRANSIT_VALUATION","MX_COA","A","COST.Admin","2020/12/15 01:54:51.337","Y","","2020/12/15 01:55:09.241","B387BCE5024BF3B8E053A6AF550A87DC","COST.Admin","","","","","00000
100
1000
13500
000
00000000
0000000000
00000
00000





















","A"
"DEFAULT","CST","MX_INTERORG_PAYABLES","DEFAULT","CST","MX_INTERORG_PAYABLES","MX_COA","A","COST.Admin","2020/12/15 09:38:13.104","Y","","2020/12/15 09:38:33.032","B386E131F3BDA975E053A4AF550A4ACF","COST.Admin","","","","","00000
000
1000
21009
000
00000000
0000000000
00000
00000





















","A"
"DEFAULT","CMR","MX_ACCRUAL","DEFAULT","CMR","MX_ACCRUAL","BE_MX_COA","A","COST.Admin","2020/12/15 01:47:02.0","Y","","2021/02/12 17:46:50.358","BAAEABB8761CF76FE053A6AF550A4EF8","COST.Admin","","","","","00000
100
1000
444
000
00000000
0000000000
00000
00000





















","A"
"DEFAULT","CMR","MX_ACCRUAL","DEFAULT","CMR","MX_ACCRUAL","MX_COA","A","COST.Admin","2020/12/15 01:47:40.26","Y","","2020/12/15 01:48:24.578","B387BCE5024BF3B8E053A6AF550A87DC","COST.Admin","","","","","00000
100
1000
21030
000
00000000
0000000000
00000
00000





















","A"
"DEFAULT","CST","MX_COGS","DEFAULT","CST","MX_COGS","MX_COA","A","methanex.integ@methanex.com","2020/12/15 08:37:04.579","Y","","2023/11/09 00:34:00.623","09AB4FFEE1F8B9F1E0639052500A1670","methanex.integ@methanex.com","","","","","","A"
"DEFAULT","CST","MX_INTERORG_RECEIVABLES","DEFAULT","CST","MX_INTERORG_RECEIVABLES","MX_COA","A","COST.Admin","2020/12/15 09:38:49.615","Y","","2020/12/15 09:39:09.805","B386E131F3BDA975E053A4AF550A4ACF","COST.Admin","","","","","00000
000
1000
21009
000
00000000
0000000000
00000
00000





















","A"
"DEFAULT","CST","MX_PIN_INTERCOMPANY","DEFAULT","CST","MX_PIN_INTERCOMPANY","MX_COA","S","methanex.integ@methanex.com","2020/12/15 09:29:20.338","Y","SEGMENT8","2023/11/09 00:33:59.904","09AB4FFEE1F8B9F1E0639052500A1670","methanex.integ@methanex.com","","","","","","S"
"DEFAULT","CST","MX_NA_WF_COGS","DEFAULT","CST","MX_NA_WF_COGS","MX_COA","S","methanex.integ@methanex.com","2021/02/12 18:52:06.122","Y","SEGMENT4","2023/11/09 00:33:59.279","09AB4FFEE1F8B9F1E0639052500A1670","methanex.integ@methanex.com","","","","","","S"
"DEFAULT","CST","MX_CST_TRADE_CLEARING","DEFAULT","CST","MX_CST_TRADE_CLEARING","MX_COA","A","COST.Admin","2020/12/15 09:30:49.878","Y","","2020/12/15 09:36:34.67","B386E131F3BDA975E053A4AF550A4ACF","COST.Admin","","","","","00000
000
1000
21009
000
00000000
0000000000
00000
00000





















","A"
"DEFAULT","CST","MX_LOC_COST_ADJ","DEFAULT","CST","MX_LOC_COST_ADJ","MX_COA","S","methanex.integ@methanex.com","2020/12/15 09:16:27.956","Y","SEGMENT2","2023/11/09 00:33:58.426","09AB4FFEE1F8B9F1E0639052500A1670","methanex.integ@methanex.com","","","","","","S"
"DEFAULT","CST","MX_RECEIVING_INSPECTION","DEFAULT","CST","MX_RECEIVING_INSPECTION","MX_COA","A","COST.Admin","2020/12/15 09:37:05.363","Y","","2020/12/15 09:37:26.03","B386E131F3BDA975E053A4AF550A4ACF","COST.Admin","","","","","00000
100
1000
13100
000
00000000
0000000000
00000
00000





















","A"
"DEFAULT","CST","MX_LOCATION","DEFAULT","CST","MX_LOCATION","MX_COA","S","methanex.integ@methanex.com","2020/12/15 09:18:46.5","Y","SEGMENT2","2023/11/09 00:33:59.802","09AB4FFEE1F8B9F1E0639052500A1670","methanex.integ@methanex.com","","","","","","S"
"DEFAULT","CMR","MX_RCV_COMPANY","DEFAULT","CMR","MX_RCV_COMPANY","BE_MX_COA","S","mdezilva@methanex.com","2020/12/15 02:01:03.676","Y","SEGMENT1","2023/11/09 14:52:35.45","09A568F2E43F184FE063ED53500AC390","mdezilva@methanex.com","","","","","","S"
"DEFAULT","CMR","MX_RCV_COMPANY","DEFAULT","CMR","MX_RCV_COMPANY","MX_COA","S","mdezilva@methanex.com","2020/12/15 01:58:21.446","Y","SEGMENT1","2023/11/09 14:52:35.468","09A568F2E43F184FE063ED53500AC390","mdezilva@methanex.com","","","","","","S"
"DEFAULT","CST","MX_IC_COGS","DEFAULT","CST","MX_IC_COGS","MX_COA","A","methanex.integ@methanex.com","2020/12/15 09:06:02.091","Y","","2023/11/09 00:33:59.074","09AB4FFEE1F8B9F1E0639052500A1670","methanex.integ@methanex.com","","","","","","A"
"DEFAULT","CST","MX_DEPT_COGS","DEFAULT","CST","MX_DEPT_COGS","MX_COA","S","methanex.integ@methanex.com","2020/12/15 08:45:22.674","Y","SEGMENT3","2023/11/09 00:33:59.386","09AB4FFEE1F8B9F1E0639052500A1670","methanex.integ@methanex.com","","","","","","S"
"DEFAULT","CST","MX_DEST_IC_COGS","DEFAULT","CST","MX_DEST_IC_COGS","MX_COA","S","methanex.integ@methanex.com","2020/12/15 08:48:34.81","Y","SEGMENT5","2023/11/09 00:33:59.103","09AB4FFEE1F8B9F1E0639052500A1670","methanex.integ@methanex.com","","","","","","S"
"DEFAULT","CST","MX_DEST_COGS","DEFAULT","CST","MX_DEST_COGS","MX_COA","S","clwong@methanex.com","2021/02/12 19:08:05.276","Y","SEGMENT5","2024/04/15 07:16:17.755","161991F88BD6BDE8E0639052500AAA71","clwong@methanex.com","","","","","","S"
"DEFAULT","CST","MX_NA_OFFSET","DEFAULT","CST","MX_NA_OFFSET","MX_COA","S","hmurali@methanex.com","2020/12/15 09:23:02.315","Y","SEGMENT4","2024/05/07 13:49:46.001","172AEBA2DECE2EF7E063CE95500AA0B4","hmurali@methanex.com","","","","21009","","S"
"DEFAULT","CST","MX_INV_NA_COST_ADJ","DEFAULT","CST","MX_INV_NA_COST_ADJ","MX_COA","S","methanex.integ@methanex.com","2020/12/15 09:25:46.164","Y","SEGMENT4","2023/11/09 00:33:59.482","09AB4FFEE1F8B9F1E0639052500A1670","methanex.integ@methanex.com","","","","","","S"
"DEFAULT","CST","MX_NA_INV_PO_DEL","DEFAULT","CST","MX_NA_INV_PO_DEL","MX_COA","S","methanex.integ@methanex.com","2020/12/15 09:27:37.194","Y","SEGMENT4","2023/11/09 00:34:00.513","09AB4FFEE1F8B9F1E0639052500A1670","methanex.integ@methanex.com","","","","","","S"
"DEFAULT","CMR","MX_EXCHANGE_VAR_ADJ","DEFAULT","CMR","MX_EXCHANGE_VAR_ADJ","BE_MX_COA","A","COST.Admin","2021/02/09 20:20:44.668","Y","","2021/02/12 17:56:25.44","BAAEABB8761CF76FE053A6AF550A4EF8","COST.Admin","","","","","00000
000
1000
752
000
00000000
0000000000
00000
00000





















","A"
"DEFAULT","CMR","MX_EXCHANGE_VAR_ADJ","DEFAULT","CMR","MX_EXCHANGE_VAR_ADJ","MX_COA","A","COST.Admin","2021/02/09 20:18:44.009","Y","","2021/02/12 17:56:25.445","BAAEABB8761CF76FE053A6AF550A4EF8","COST.Admin","","","","","00000
000
1000
76000
000
00000000
0000000000
00000
00000





















","A"
"DEFAULT","AR","MX_IC_COMPANY_SEG_DM","DEFAULT","AR","MX_IC_COMPANY_SEG_DM","MX_COA","S","mdezilva@methanex.com","2024/05/07 19:32:48.701","Y","SEGMENT1","2024/05/07 19:33:36.714","172B00C434C32EFDE063CE95500A1F66","mdezilva@methanex.com","","","","","","S"
"DEFAULT","AP","MX_TT_TAX","DEFAULT","AP","MX_TT_TAX","MX_COA","S","methanex.integ@methanex.com","2020/12/14 16:11:31.275","Y","SEGMENT1","2023/11/09 00:33:57.799","09AB4FFEE1F8B9F1E0639052500A1670","methanex.integ@methanex.com","","","","","","S"
"DEFAULT","AR","LRMS","DEFAULT","AR","LRMS","MX_COA","S","methanex.integ@methanex.com","2021/06/04 18:14:42.793","Y","SEGMENT1","2023/11/09 00:34:02.812","09AB4FFEE1F8B9F1E0639052500A1670","methanex.integ@methanex.com","","","","","","S"
"DEFAULT","AP","MX_TT_TAX_CM","DEFAULT","AP","MX_TT_TAX_CM","MX_COA","S","methanex.integ@methanex.com","2021/06/23 18:49:48.337","Y","SEGMENT1","2023/11/09 00:34:02.803","09AB4FFEE1F8B9F1E0639052500A1670","methanex.integ@methanex.com","","","","","","S"
"DEFAULT","CST","MX_DEST_IC_COGS_RET","DEFAULT","CST","MX_DEST_IC_COGS_RET","MX_COA","S","methanex.integ@methanex.com","2021/03/30 16:09:23.645","Y","SEGMENT5","2023/11/09 00:34:02.887","09AB4FFEE1F8B9F1E0639052500A1670","methanex.integ@methanex.com","","","","","","S"
"DEFAULT","CST","MX_TRADE_IN_DEFAULT","DEFAULT","CST","MX_TRADE_IN_DEFAULT","MX_COA","A","rarora@methanex.com","2021/09/15 20:30:38.014","Y","","2021/09/15 20:40:56.141","C7A37BD402FDD527E053A6AF550A36F8","rarora@methanex.com","","","","","00000
100
1000
13500
000
00000000
0000000000
00000
00000





















","A"
"DEFAULT","AR","LE_CREDIT_MEMO_TAX_MAPPING_SET","DEFAULT","AR","LE_CREDIT_MEMO_TAX_MAPPING_SET","MX_COA","S","methanex.integ@methanex.com","2023/01/25 19:00:24.045","Y","SEGMENT1","2023/11/09 00:34:02.663","09AB4FFEE1F8B9F1E0639052500A1670","methanex.integ@methanex.com","","","","","","S"
"DEFAULT","AR","LE_FOS_MAPPING_SEGMENT","DEFAULT","AR","LE_FOS_MAPPING_SEGMENT","MX_COA","S","mdezilva@methanex.com","2021/03/24 18:21:52.959","Y","SEGMENT1","2024/05/06 20:06:37.331","172AE374F8012EF1E063CE95500A0485","mdezilva@methanex.com","","","","","","S"
"DEFAULT","CST","MX_NA_INV_MISC_TXNS","DEFAULT","CST","MX_NA_INV_MISC_TXNS","MX_COA","S","methanex.integ@methanex.com","2020/12/15 09:27:08.314","Y","SEGMENT4","2023/11/09 00:34:00.605","09AB4FFEE1F8B9F1E0639052500A1670","methanex.integ@methanex.com","","","","","","S"
"DEFAULT","CST","MX_OFFSET","DEFAULT","CST","MX_OFFSET","MX_COA","A","COST.Admin","2020/12/15 09:35:18.411","Y","","2020/12/15 09:35:37.535","B386E131F3BDA975E053A4AF550A4ACF","COST.Admin","","","","","00000
000
1000
50000
000
00000000
0000000000
00000
00000





















","A"
"DEFAULT","CST","MX_NA_INV_ACQ_COST_ADJ","DEFAULT","CST","MX_NA_INV_ACQ_COST_ADJ","MX_COA","S","methanex.integ@methanex.com","2020/12/15 09:25:05.682","Y","SEGMENT4","2023/11/09 00:34:00.595","09AB4FFEE1F8B9F1E0639052500A1670","methanex.integ@methanex.com","","","","","","S"
"DEFAULT","CMR","MX_IC_ACCRUAL","DEFAULT","CMR","MX_IC_ACCRUAL","BE_MX_COA","A","INV.Admin","2020/12/15 01:48:41.965","Y","","2021/04/06 20:30:38.554","BAAE3D16CC43B8A3E053A4AF550A865A","INV.Admin","","","","","00000
100
1000
444
000
00000000
0000000000
00000
00000





















","A"
"DEFAULT","CMR","MX_IC_ACCRUAL","DEFAULT","CMR","MX_IC_ACCRUAL","MX_COA","A","INV.Admin","2020/12/15 01:49:14.125","Y","","2021/04/06 20:30:38.582","BAAE3D16CC43B8A3E053A4AF550A865A","INV.Admin","","","","","00000
100
1000
22010
000
00000000
0000000000
00000
00000





















","A"
"DEFAULT","CMR","MX_RET_COMPANY","DEFAULT","CMR","MX_RET_COMPANY","BE_MX_COA","S","methanex.integ@methanex.com","2020/12/15 02:09:11.977","Y","SEGMENT1","2023/11/09 00:33:58.568","09AB4FFEE1F8B9F1E0639052500A1670","methanex.integ@methanex.com","","","","","","S"
"DEFAULT","CMR","MX_RET_COMPANY","DEFAULT","CMR","MX_RET_COMPANY","MX_COA","S","methanex.integ@methanex.com","2020/12/15 02:04:47.071","Y","SEGMENT1","2023/11/09 00:33:58.511","09AB4FFEE1F8B9F1E0639052500A1670","methanex.integ@methanex.com","","","","","","S"
"DEFAULT","AR","MX_IC_COMPANY_SEG_ADJ","DEFAULT","AR","MX_IC_COMPANY_SEG_ADJ","MX_COA","S","mdezilva@methanex.com","2024/02/21 20:01:12.247","Y","SEGMENT1","2024/02/21 20:03:28.507","11E6AC64D47750B6E063ED53500AA467","mdezilva@methanex.com","","","","","","S"
"DEFAULT","AR","MX_IC_COMPANY_SEG_INV","DEFAULT","AR","MX_IC_COMPANY_SEG_INV","MX_COA","S","mdezilva@methanex.com","2024/05/07 19:30:07.354","Y","SEGMENT1","2024/05/07 19:31:41.801","172B00C434C32EFDE063CE95500A1F66","mdezilva@methanex.com","","","","","","S"
"DEFAULT","AR","MX_IC_COMPANY_SEG_CMS","DEFAULT","AR","MX_IC_COMPANY_SEG_CMS","MX_COA","S","mdezilva@methanex.com","2024/05/07 20:22:13.308","Y","SEGMENT1","2024/05/07 20:31:23.906","172B00C434C32EFDE063CE95500A1F66","mdezilva@methanex.com","","","","","","S"
