"XLA_MAPPING_SET.AmbContextCode","XLA_MAPPING_SET.ApplicationShortName","XLA_MAPPING_SET.MappingSetCode","AmbContextCode","MappingSetCode","SourceApplicationShortName","SourceOriginCode","SourceTypeCode","SourceCode","CreatedBy","CreationDate","FlexSegment","InputSeq","LastUpdateDate","LastUpdateLogin","LastUpdatedBy","LookupType","ViewApplicationShortName","ValueSetCode"
"DEFAULT","PO","MX_PO_DEPARTMENT_CC_MS","DEFAULT","MX_PO_DEPARTMENT_CC_MS","PO","","S","ITEM_CATEGORY_NAME","PO.Admin","2020/12/11 18:48:49.981","","1","2020/12/11 18:49:32.728","B3876C1F0641F2AFE053A6AF550A13AF","PO.Admin","","",""
"DEFAULT","CST","MX_COMPANY","DEFAULT","MX_COMPANY","CST","","S","INV_ORG_CODE","COST.Admin","2020/12/12 02:44:07.286","","1","2020/12/12 02:44:11.807","B3879C3A4489F419E053A6AF550AA163","COST.Admin","","",""
"DEFAULT","PO","MX_PO_NATURAL_ACCOUNT_MS","DEFAULT","MX_PO_NATURAL_ACCOUNT_MS","PO","","S","ITEM_CATEGORY_NAME","GL.Admin","2020/12/01 22:24:44.705","","1","2020/12/01 22:24:49.944","B386DBB41FC2ABB2E053A4AF550A579C","GL.Admin","","",""
"DEFAULT","AR","LE_MAPPING_SET","DEFAULT","LE_MAPPING_SET","AR","","S","TRX_LEGAL_ENTITY_ID","GL.Admin","2020/12/01 22:24:49.676","","1","2020/12/01 22:24:49.979","B386DBB41FC2ABB2E053A4AF550A579C","GL.Admin","","",""
"DEFAULT","CST","MX_INTERCOMPANY","DEFAULT","MX_INTERCOMPANY","CST","","S","TRANSFER_INV_ORG_ID","COST.Admin","2020/12/12 02:44:07.369","","1","2020/12/12 02:44:11.827","B3879C3A4489F419E053A6AF550AA163","COST.Admin","","","CST_XLA_INV_ORGANIZATIONS_VS"
"DEFAULT","CMR","MX_TRADE_CLEARING","DEFAULT","MX_TRADE_CLEARING","CST","","S","INV_ORG_CODE","COST.Admin","2020/12/12 02:44:07.479","","1","2020/12/12 02:44:11.845","B3879C3A4489F419E053A6AF550AA163","COST.Admin","","",""
"DEFAULT","CMR","MX_TRADE_CLEARING","DEFAULT","MX_TRADE_CLEARING","CST","","S","INV_CATEGORY_ID","COST.Admin","2020/12/12 02:44:07.497","","2","2020/12/12 02:44:11.847","B3879C3A4489F419E053A6AF550AA163","COST.Admin","","","ORA_CST_XLA_INV_CATEGORIES_VS"
"DEFAULT","CMR","MX_TRADE_CLEARING","DEFAULT","MX_TRADE_CLEARING","CST","","S","ITEM_NUMBER","COST.Admin","2020/12/12 02:44:07.512","","3","2020/12/12 02:44:11.848","B3879C3A4489F419E053A6AF550AA163","COST.Admin","","",""
"DEFAULT","CST","MX_LOC_DIR_ORG_XFER","DEFAULT","MX_LOC_DIR_ORG_XFER","CST","C","F","MX_LOCATION__DIRECT_ORG_TRANS","COST.Admin","2020/12/12 02:44:07.635","","1","2020/12/12 02:44:11.871","B3879C3A4489F419E053A6AF550AA163","COST.Admin","","",""
"DEFAULT","CST","MX_LOC_INTRANSIT_INTERORG_XFER","DEFAULT","MX_LOC_INTRANSIT_INTERORG_XFER","CST","C","F","MX_LOCATION__INTRANSIT_INTERO","COST.Admin","2020/12/12 02:44:07.749","","1","2020/12/12 02:44:11.887","B3879C3A4489F419E053A6AF550AA163","COST.Admin","","",""
"DEFAULT","CST","MX_LOC_SO_ISSUE","DEFAULT","MX_LOC_SO_ISSUE","CST","C","F","MX_LOCATION__SO_ISSUE","COST.Admin","2020/12/12 02:44:08.016","","1","2020/12/12 02:44:11.903","B3879C3A4489F419E053A6AF550AA163","COST.Admin","","",""
"DEFAULT","CST","MX_INV_VALUATION","DEFAULT","MX_INV_VALUATION","CST","","S","COST_ELEMENT_TYPE","COST.Admin","2020/12/12 02:44:08.107","","1","2020/12/12 02:44:11.919","B3879C3A4489F419E053A6AF550AA163","COST.Admin","","",""
"DEFAULT","CST","MX_INV_VALUATION","DEFAULT","MX_INV_VALUATION","CST","","S","COST_ELEMENT_CODE","COST.Admin","2020/12/12 02:44:08.123","","2","2020/12/12 02:44:11.921","B3879C3A4489F419E053A6AF550AA163","COST.Admin","","",""
"DEFAULT","CMR","MX_RCV_INSPECTION","DEFAULT","MX_RCV_INSPECTION","CST","","S","INV_ORG_CODE","COST.Admin","2020/12/12 02:44:08.204","","1","2020/12/12 02:44:11.951","B3879C3A4489F419E053A6AF550AA163","COST.Admin","","",""
"DEFAULT","CMR","MX_RCV_INSPECTION","DEFAULT","MX_RCV_INSPECTION","CST","","S","INV_CATEGORY_ID","COST.Admin","2020/12/12 02:44:08.219","","2","2020/12/12 02:44:11.953","B3879C3A4489F419E053A6AF550AA163","COST.Admin","","","ORA_CST_XLA_INV_CATEGORIES_VS"
"DEFAULT","CMR","MX_RCV_INSPECTION","DEFAULT","MX_RCV_INSPECTION","CST","","S","ITEM_NUMBER","COST.Admin","2020/12/12 02:44:08.232","","3","2020/12/12 02:44:11.955","B3879C3A4489F419E053A6AF550AA163","COST.Admin","","",""
"DEFAULT","CST","MX_MAT_OVERHEAD_ABS","DEFAULT","MX_MAT_OVERHEAD_ABS","CST","","S","INV_ORG_CODE","COST.Admin","2020/12/12 02:44:01.482","","1","2020/12/12 02:44:11.688","B3879C3A4489F419E053A6AF550AA163","COST.Admin","","",""
"DEFAULT","CST","MX_MAT_OVERHEAD_ABS","DEFAULT","MX_MAT_OVERHEAD_ABS","CST","","S","EXPENSE_POOL_CODE","COST.Admin","2020/12/12 02:44:05.734","","2","2020/12/12 02:44:11.693","B3879C3A4489F419E053A6AF550AA163","COST.Admin","","",""
"DEFAULT","AR","IC_SEGMENT_MAPPING","DEFAULT","IC_SEGMENT_MAPPING","AR","","S","TRX_OPER_UNIT","AR.Admin","2021/03/24 17:09:05.386","","1","2021/03/24 17:18:56.079","BAAEAC355B1AF4A1E053A6AF550A0AFC","AR.Admin","","",""
"DEFAULT","AR","IC_SEGMENT_MAPPING","DEFAULT","IC_SEGMENT_MAPPING","AR","","S","BILL_TO_SITE","AR.Admin","2021/03/24 17:09:44.964","","2","2021/03/24 17:18:56.104","BAAEAC355B1AF4A1E053A6AF550A0AFC","AR.Admin","","",""
"DEFAULT","CST","MX_TRADE_INTRANSIT_VAL","DEFAULT","MX_TRADE_INTRANSIT_VAL","CST","","S","COST_ELEMENT_TYPE","COST.Admin","2020/12/12 02:44:06.481","","1","2020/12/12 02:44:11.73","B3879C3A4489F419E053A6AF550AA163","COST.Admin","","",""
"DEFAULT","CST","MX_TRADE_INTRANSIT_VAL","DEFAULT","MX_TRADE_INTRANSIT_VAL","CST","","S","COST_ELEMENT_CODE","COST.Admin","2020/12/12 02:44:06.498","","2","2020/12/12 02:44:11.732","B3879C3A4489F419E053A6AF550AA163","COST.Admin","","",""
"DEFAULT","CST","MX_LOC_PO_DEL","DEFAULT","MX_LOC_PO_DEL","CST","C","F","MX_LOCATION__PO_DELIVERY","COST.Admin","2020/12/12 02:44:06.584","","1","2020/12/12 02:44:11.754","B3879C3A4489F419E053A6AF550AA163","COST.Admin","","",""
"DEFAULT","CST","MX_INTERORG_GAIN_LOSS","DEFAULT","MX_INTERORG_GAIN_LOSS","CST","","S","INV_ORG_CODE","COST.Admin","2020/12/12 02:44:07.133","","1","2020/12/12 02:44:11.777","B3879C3A4489F419E053A6AF550AA163","COST.Admin","","",""
"DEFAULT","CST","MX_INTERORG_GAIN_LOSS","DEFAULT","MX_INTERORG_GAIN_LOSS","CST","","S","SUBINVENTORY_CODE","COST.Admin","2020/12/12 02:44:07.148","","2","2020/12/12 02:44:11.779","B3879C3A4489F419E053A6AF550AA163","COST.Admin","","",""
"DEFAULT","CST","MX_INTERORG_GAIN_LOSS","DEFAULT","MX_INTERORG_GAIN_LOSS","CST","","S","CST_CATEGORY_ID","COST.Admin","2020/12/12 02:44:07.181","","3","2020/12/12 02:44:11.781","B3879C3A4489F419E053A6AF550AA163","COST.Admin","","","ORA_CST_XLA_CST_CATEGORIES_VS"
"DEFAULT","CST","MX_INTERORG_GAIN_LOSS","DEFAULT","MX_INTERORG_GAIN_LOSS","CST","","S","ITEM_NUMBER","COST.Admin","2020/12/12 02:44:07.204","","4","2020/12/12 02:44:11.791","B3879C3A4489F419E053A6AF550AA163","COST.Admin","","",""
"DEFAULT","CST","MX_NA_INV_SO_ISSUE","DEFAULT","MX_NA_INV_SO_ISSUE","CST","C","F","MX_LOCATION__SO_ISSUE","COST.Admin","2020/12/12 02:44:10.649","","1","2020/12/12 02:44:12.433","B3879C3A4489F419E053A6AF550AA163","COST.Admin","","",""
"DEFAULT","CST","MX_DEPT_OFFSET","DEFAULT","MX_DEPT_OFFSET","CST","","S","REASON_CODE","COST.Admin","2020/12/12 02:44:10.747","","1","2020/12/12 02:44:12.455","B3879C3A4489F419E053A6AF550AA163","COST.Admin","","",""
"DEFAULT","CST","MX_NA_INV_INTRANSIT_XFER","DEFAULT","MX_NA_INV_INTRANSIT_XFER","CST","C","F","MX_LOCATION__INTRANSIT_INTERO","COST.Admin","2020/12/12 02:44:10.848","","1","2020/12/12 02:44:12.479","B3879C3A4489F419E053A6AF550AA163","COST.Admin","","",""
"DEFAULT","CST","MX_NA_INV_DIRECT_ORG_XFER","DEFAULT","MX_NA_INV_DIRECT_ORG_XFER","CST","C","F","MX_LOCATION__DIRECT_ORG_TRANS","COST.Admin","2020/12/12 02:44:10.96","","1","2020/12/12 02:44:12.501","B3879C3A4489F419E053A6AF550AA163","COST.Admin","","",""
"DEFAULT","CST","MX_LOC_ACQ_COST_ADJ","DEFAULT","MX_LOC_ACQ_COST_ADJ","CST","C","F","MX_LOCATION__ACQUISITION_COST","COST.Admin","2020/12/12 02:44:11.067","","1","2020/12/12 02:44:12.519","B3879C3A4489F419E053A6AF550AA163","COST.Admin","","",""
"DEFAULT","CST","MX_LOC_IC_COGS","DEFAULT","MX_LOC_IC_COGS","CST","","S","INV_ORG_CODE","COST.Admin","2020/12/12 02:44:11.172","","1","2020/12/12 02:44:12.536","B3879C3A4489F419E053A6AF550AA163","COST.Admin","","",""
"DEFAULT","CMR","MX_INTER_ORG_PAYABLES","DEFAULT","MX_INTER_ORG_PAYABLES","CST","","S","INV_ORG_CODE","COST.Admin","2020/12/12 02:44:08.312","","1","2020/12/12 02:44:11.972","B3879C3A4489F419E053A6AF550AA163","COST.Admin","","",""
"DEFAULT","CMR","MX_INTER_ORG_PAYABLES","DEFAULT","MX_INTER_ORG_PAYABLES","CST","","S","INV_CATEGORY_ID","COST.Admin","2020/12/12 02:44:08.325","","2","2020/12/12 02:44:11.974","B3879C3A4489F419E053A6AF550AA163","COST.Admin","","","ORA_CST_XLA_INV_CATEGORIES_VS"
"DEFAULT","CMR","MX_INTER_ORG_PAYABLES","DEFAULT","MX_INTER_ORG_PAYABLES","CST","","S","ITEM_NUMBER","COST.Admin","2020/12/12 02:44:08.336","","3","2020/12/12 02:44:11.975","B3879C3A4489F419E053A6AF550AA163","COST.Admin","","",""
"DEFAULT","CMR","MX_TRADE_INTRANSIT_VALUATION","DEFAULT","MX_TRADE_INTRANSIT_VALUATION","CST","","S","INV_ORG_CODE","COST.Admin","2020/12/12 02:44:08.415","","1","2020/12/12 02:44:11.992","B3879C3A4489F419E053A6AF550AA163","COST.Admin","","",""
"DEFAULT","CMR","MX_TRADE_INTRANSIT_VALUATION","DEFAULT","MX_TRADE_INTRANSIT_VALUATION","CST","","S","INV_CATEGORY_ID","COST.Admin","2020/12/12 02:44:08.432","","2","2020/12/12 02:44:11.994","B3879C3A4489F419E053A6AF550AA163","COST.Admin","","","ORA_CST_XLA_INV_CATEGORIES_VS"
"DEFAULT","CMR","MX_TRADE_INTRANSIT_VALUATION","DEFAULT","MX_TRADE_INTRANSIT_VALUATION","CST","","S","ITEM_NUMBER","COST.Admin","2020/12/12 02:44:08.445","","3","2020/12/12 02:44:11.996","B3879C3A4489F419E053A6AF550AA163","COST.Admin","","",""
"DEFAULT","CST","MX_INTERORG_PAYABLES","DEFAULT","MX_INTERORG_PAYABLES","CST","","S","INV_ORG_CODE","COST.Admin","2020/12/12 02:44:08.532","","1","2020/12/12 02:44:12.015","B3879C3A4489F419E053A6AF550AA163","COST.Admin","","",""
"DEFAULT","CST","MX_INTERORG_PAYABLES","DEFAULT","MX_INTERORG_PAYABLES","CST","","S","SUBINVENTORY_CODE","COST.Admin","2020/12/12 02:44:08.546","","2","2020/12/12 02:44:12.017","B3879C3A4489F419E053A6AF550AA163","COST.Admin","","",""
"DEFAULT","CST","MX_INTERORG_PAYABLES","DEFAULT","MX_INTERORG_PAYABLES","CST","","S","CST_CATEGORY_ID","COST.Admin","2020/12/12 02:44:08.559","","3","2020/12/12 02:44:12.018","B3879C3A4489F419E053A6AF550AA163","COST.Admin","","","ORA_CST_XLA_CST_CATEGORIES_VS"
"DEFAULT","CST","MX_INTERORG_PAYABLES","DEFAULT","MX_INTERORG_PAYABLES","CST","","S","ITEM_NUMBER","COST.Admin","2020/12/12 02:44:08.572","","4","2020/12/12 02:44:12.022","B3879C3A4489F419E053A6AF550AA163","COST.Admin","","",""
"DEFAULT","CMR","MX_ACCRUAL","DEFAULT","MX_ACCRUAL","CST","","S","INV_ORG_CODE","COST.Admin","2020/12/12 02:44:08.67","","1","2020/12/12 02:44:12.037","B3879C3A4489F419E053A6AF550AA163","COST.Admin","","",""
"DEFAULT","CMR","MX_ACCRUAL","DEFAULT","MX_ACCRUAL","CST","","S","INV_CATEGORY_ID","COST.Admin","2020/12/12 02:44:08.686","","2","2020/12/12 02:44:12.039","B3879C3A4489F419E053A6AF550AA163","COST.Admin","","","ORA_CST_XLA_INV_CATEGORIES_VS"
"DEFAULT","CMR","MX_ACCRUAL","DEFAULT","MX_ACCRUAL","CST","","S","ITEM_NUMBER","COST.Admin","2020/12/12 02:44:08.702","","3","2020/12/12 02:44:12.041","B3879C3A4489F419E053A6AF550AA163","COST.Admin","","",""
"DEFAULT","CST","MX_COGS","DEFAULT","MX_COGS","CST","","S","COST_ELEMENT_CODE","COST.Admin","2020/12/12 02:44:08.785","","1","2020/12/12 02:44:12.058","B3879C3A4489F419E053A6AF550AA163","COST.Admin","","",""
"DEFAULT","CST","MX_COGS","DEFAULT","MX_COGS","CST","C","F","MX_LOCATION__SO_ISSUE","COST.Admin","2020/12/12 02:44:08.797","","2","2020/12/12 02:44:12.06","B3879C3A4489F419E053A6AF550AA163","COST.Admin","","",""
"DEFAULT","CST","MX_INTERORG_RECEIVABLES","DEFAULT","MX_INTERORG_RECEIVABLES","CST","","S","INV_ORG_CODE","COST.Admin","2020/12/12 02:44:08.88","","1","2020/12/12 02:44:12.078","B3879C3A4489F419E053A6AF550AA163","COST.Admin","","",""
"DEFAULT","CST","MX_INTERORG_RECEIVABLES","DEFAULT","MX_INTERORG_RECEIVABLES","CST","","S","SUBINVENTORY_CODE","COST.Admin","2020/12/12 02:44:08.895","","2","2020/12/12 02:44:12.08","B3879C3A4489F419E053A6AF550AA163","COST.Admin","","",""
"DEFAULT","CST","MX_INTERORG_RECEIVABLES","DEFAULT","MX_INTERORG_RECEIVABLES","CST","","S","CST_CATEGORY_ID","COST.Admin","2020/12/12 02:44:08.905","","3","2020/12/12 02:44:12.082","B3879C3A4489F419E053A6AF550AA163","COST.Admin","","","ORA_CST_XLA_CST_CATEGORIES_VS"
"DEFAULT","CST","MX_INTERORG_RECEIVABLES","DEFAULT","MX_INTERORG_RECEIVABLES","CST","","S","ITEM_NUMBER","COST.Admin","2020/12/12 02:44:08.918","","4","2020/12/12 02:44:12.086","B3879C3A4489F419E053A6AF550AA163","COST.Admin","","",""
"DEFAULT","CST","MX_PIN_INTERCOMPANY","DEFAULT","MX_PIN_INTERCOMPANY","CST","","S","COST_ELEMENT_CODE","COST.Admin","2020/12/12 02:44:08.992","","1","2020/12/12 02:44:12.106","B3879C3A4489F419E053A6AF550AA163","COST.Admin","","",""
"DEFAULT","CST","MX_NA_WF_COGS","DEFAULT","MX_NA_WF_COGS","CST","","S","BILL_CUST_ACCOUNT_NUMBER","COST.Admin","2020/12/12 02:44:09.076","","1","2020/12/12 02:44:12.13","B3879C3A4489F419E053A6AF550AA163","COST.Admin","","",""
"DEFAULT","CST","MX_NA_WF_COGS","DEFAULT","MX_NA_WF_COGS","CST","","S","COST_ELEMENT_CODE","COST.Admin","2020/12/12 02:44:09.102","","2","2020/12/12 02:44:12.133","B3879C3A4489F419E053A6AF550AA163","COST.Admin","","",""
"DEFAULT","CST","MX_NA_WF_COGS","DEFAULT","MX_NA_WF_COGS","CST","C","F","MX_LOCATION__SO_ISSUE","COST.Admin","2020/12/12 02:44:09.117","","3","2020/12/12 02:44:12.134","B3879C3A4489F419E053A6AF550AA163","COST.Admin","","",""
"DEFAULT","CST","MX_CST_TRADE_CLEARING","DEFAULT","MX_CST_TRADE_CLEARING","CST","","S","INV_ORG_CODE","COST.Admin","2020/12/12 02:44:09.252","","1","2020/12/12 02:44:12.179","B3879C3A4489F419E053A6AF550AA163","COST.Admin","","",""
"DEFAULT","CST","MX_CST_TRADE_CLEARING","DEFAULT","MX_CST_TRADE_CLEARING","CST","","S","SUBINVENTORY_CODE","COST.Admin","2020/12/12 02:44:09.348","","2","2020/12/12 02:44:12.182","B3879C3A4489F419E053A6AF550AA163","COST.Admin","","",""
"DEFAULT","CST","MX_CST_TRADE_CLEARING","DEFAULT","MX_CST_TRADE_CLEARING","CST","","S","CST_CATEGORY_ID","COST.Admin","2020/12/12 02:44:09.361","","3","2020/12/12 02:44:12.184","B3879C3A4489F419E053A6AF550AA163","COST.Admin","","","ORA_CST_XLA_CST_CATEGORIES_VS"
"DEFAULT","CST","MX_CST_TRADE_CLEARING","DEFAULT","MX_CST_TRADE_CLEARING","CST","","S","ITEM_NUMBER","COST.Admin","2020/12/12 02:44:09.38","","4","2020/12/12 02:44:12.187","B3879C3A4489F419E053A6AF550AA163","COST.Admin","","",""
"DEFAULT","CST","MX_LOC_COST_ADJ","DEFAULT","MX_LOC_COST_ADJ","CST","C","F","MX_LOCATION__COST_ADJUSTMENT","COST.Admin","2020/12/12 02:44:09.466","","1","2020/12/12 02:44:12.212","B3879C3A4489F419E053A6AF550AA163","COST.Admin","","",""
"DEFAULT","CST","MX_RECEIVING_INSPECTION","DEFAULT","MX_RECEIVING_INSPECTION","CST","","S","INV_ORG_CODE","COST.Admin","2020/12/12 02:44:09.556","","1","2020/12/12 02:44:12.23","B3879C3A4489F419E053A6AF550AA163","COST.Admin","","",""
"DEFAULT","CST","MX_RECEIVING_INSPECTION","DEFAULT","MX_RECEIVING_INSPECTION","CST","","S","SUBINVENTORY_CODE","COST.Admin","2020/12/12 02:44:09.573","","2","2020/12/12 02:44:12.232","B3879C3A4489F419E053A6AF550AA163","COST.Admin","","",""
"DEFAULT","CST","MX_RECEIVING_INSPECTION","DEFAULT","MX_RECEIVING_INSPECTION","CST","","S","CST_CATEGORY_ID","COST.Admin","2020/12/12 02:44:09.586","","3","2020/12/12 02:44:12.234","B3879C3A4489F419E053A6AF550AA163","COST.Admin","","","ORA_CST_XLA_CST_CATEGORIES_VS"
"DEFAULT","CST","MX_RECEIVING_INSPECTION","DEFAULT","MX_RECEIVING_INSPECTION","CST","","S","ITEM_NUMBER","COST.Admin","2020/12/12 02:44:09.599","","4","2020/12/12 02:44:12.237","B3879C3A4489F419E053A6AF550AA163","COST.Admin","","",""
"DEFAULT","CST","MX_LOCATION","DEFAULT","MX_LOCATION","CST","C","F","MX_LOCATION","COST.Admin","2020/12/12 02:44:09.687","","1","2020/12/12 02:44:12.254","B3879C3A4489F419E053A6AF550AA163","COST.Admin","","",""
"DEFAULT","CMR","MX_RCV_COMPANY","DEFAULT","MX_RCV_COMPANY","CMR","","S","DELIVER_TO_INV_ORG_ID","COST.Admin","2020/12/12 02:44:09.816","","1","2020/12/12 02:44:12.274","B3879C3A4489F419E053A6AF550AA163","COST.Admin","","","CMR_XLA_INV_ORGANIZATIONS_VS"
"DEFAULT","CST","MX_IC_COGS","DEFAULT","MX_IC_COGS","CST","","S","COST_ELEMENT_TYPE","COST.Admin","2020/12/12 02:44:09.936","","1","2020/12/12 02:44:12.292","B3879C3A4489F419E053A6AF550AA163","COST.Admin","","",""
"DEFAULT","CST","MX_IC_COGS","DEFAULT","MX_IC_COGS","CST","","S","COST_ELEMENT_CODE","COST.Admin","2020/12/12 02:44:09.951","","2","2020/12/12 02:44:12.294","B3879C3A4489F419E053A6AF550AA163","COST.Admin","","",""
"DEFAULT","CST","MX_DEPT_COGS","DEFAULT","MX_DEPT_COGS","CST","C","F","MX_LOCATION__SO_ISSUE","COST.Admin","2020/12/12 02:44:10.038","","1","2020/12/12 02:44:12.311","B3879C3A4489F419E053A6AF550AA163","COST.Admin","","",""
"DEFAULT","CST","MX_DEST_IC_COGS","DEFAULT","MX_DEST_IC_COGS","CST","","S","SUCCESSOR_BUSINESS_UNIT_ID","COST.Admin","2020/12/12 02:44:10.133","","1","2020/12/12 02:44:12.328","B3879C3A4489F419E053A6AF550AA163","COST.Admin","","","CST_XLA_BUSINESS_UNITS_VS"
"DEFAULT","CST","MX_DEST_COGS","DEFAULT","MX_DEST_COGS","CST","","S","BILL_USES_SITE_USE_ID","COST.Admin","2020/12/12 02:44:10.241","","1","2020/12/12 02:44:12.351","B3879C3A4489F419E053A6AF550AA163","COST.Admin","","",""
"DEFAULT","CST","MX_NA_OFFSET","DEFAULT","MX_NA_OFFSET","CST","","S","REASON_CODE","COST.Admin","2020/12/12 02:44:10.347","","1","2020/12/12 02:44:12.369","B3879C3A4489F419E053A6AF550AA163","COST.Admin","","",""
"DEFAULT","CST","MX_INV_NA_COST_ADJ","DEFAULT","MX_INV_NA_COST_ADJ","CST","C","F","MX_LOCATION__COST_ADJUSTMENT","COST.Admin","2020/12/12 02:44:10.451","","1","2020/12/12 02:44:12.386","B3879C3A4489F419E053A6AF550AA163","COST.Admin","","",""
"DEFAULT","CST","MX_NA_INV_PO_DEL","DEFAULT","MX_NA_INV_PO_DEL","CST","C","F","MX_LOCATION__PO_DELIVERY","COST.Admin","2020/12/12 02:44:10.551","","1","2020/12/12 02:44:12.405","B3879C3A4489F419E053A6AF550AA163","COST.Admin","","",""
"DEFAULT","CMR","MX_EXCHANGE_VAR_ADJ","DEFAULT","MX_EXCHANGE_VAR_ADJ","CST","","S","INV_ORG_CODE","COST.Admin","2021/02/09 20:18:36.175","","1","2021/02/09 20:18:40.201","BAAEBD5FBCD5F781E053A6AF550A0F53","COST.Admin","","",""
"DEFAULT","CMR","MX_EXCHANGE_VAR_ADJ","DEFAULT","MX_EXCHANGE_VAR_ADJ","CST","","S","INV_CATEGORY_ID","COST.Admin","2021/02/09 20:18:36.657","","2","2021/02/09 20:18:40.22","BAAEBD5FBCD5F781E053A6AF550A0F53","COST.Admin","","","ORA_CST_XLA_INV_CATEGORIES_VS"
"DEFAULT","CMR","MX_EXCHANGE_VAR_ADJ","DEFAULT","MX_EXCHANGE_VAR_ADJ","CST","","S","ITEM_NUMBER","COST.Admin","2021/02/09 20:18:36.729","","3","2021/02/09 20:18:40.222","BAAEBD5FBCD5F781E053A6AF550A0F53","COST.Admin","","",""
"DEFAULT","AR","MX_IC_COMPANY_SEG_DM","DEFAULT","MX_IC_COMPANY_SEG_DM","AR","","S","TRX_TYPE_NAME","mdezilva@methanex.com","2024/05/07 19:32:43.789","","1","2024/05/07 19:33:36.709","172B00C434C32EFDE063CE95500A1F66","mdezilva@methanex.com","","",""
"DEFAULT","AP","MX_TT_TAX","DEFAULT","MX_TT_TAX","AP","","S","AP_INTERCOMPANY_FLAG","AP.Admin","2020/12/14 16:10:35.692","","1","2020/12/14 16:14:52.851","B386EA18722EABD1E053A4AF550A2C23","AP.Admin","","",""
"DEFAULT","AP","MX_TT_TAX","DEFAULT","MX_TT_TAX","XLA","","Y","XLA_LEGAL_ENTITY_ID","AP.Admin","2020/12/14 16:11:26.828","","2","2020/12/14 16:14:52.866","B386EA18722EABD1E053A4AF550A2C23","AP.Admin","","",""
"DEFAULT","AR","LRMS","DEFAULT","LRMS","AR","","S","TRX_OPER_UNIT","smodi@methanex.com","2021/06/04 18:14:36.313","","1","2021/06/04 18:15:18.133","BAAEC75BDC90F7F0E053A6AF550A243B","smodi@methanex.com","","",""
"DEFAULT","AR","LRMS","DEFAULT","LRMS","AR","","S","RCT_OPER_UNIT","smodi@methanex.com","2021/06/04 18:14:36.599","","2","2021/06/04 18:15:18.156","BAAEC75BDC90F7F0E053A6AF550A243B","smodi@methanex.com","","",""
"DEFAULT","AP","MX_TT_TAX_CM","DEFAULT","MX_TT_TAX_CM","AP","","S","AP_INTERCOMPANY_FLAG","ymarwaha@methanex.com","2021/06/23 18:39:06.774","","1","2021/06/23 18:52:11.668","BAAE398E62C7BA16E053A4AF550A8A34","ymarwaha@methanex.com","","",""
"DEFAULT","AP","MX_TT_TAX_CM","DEFAULT","MX_TT_TAX_CM","XLA","","Y","XLA_LEGAL_ENTITY_ID","ymarwaha@methanex.com","2021/06/23 18:41:29.15","","2","2021/06/23 18:52:11.703","BAAE398E62C7BA16E053A4AF550A8A34","ymarwaha@methanex.com","","",""
"DEFAULT","CST","MX_DEST_IC_COGS_RET","DEFAULT","MX_DEST_IC_COGS_RET","CST","","S","PRIOR_BUSINESS_UNIT_ID","COST.Admin","2021/03/30 16:09:11.357","","1","2021/03/30 16:09:39.246","BAAEBD602CDEF781E053A6AF550A0F53","COST.Admin","","","CST_XLA_BUSINESS_UNITS_VS"
"DEFAULT","CST","MX_TRADE_IN_DEFAULT","DEFAULT","MX_TRADE_IN_DEFAULT","CST","","S","INV_ORG_CODE","rarora@methanex.com","2021/09/15 20:30:19.549","","1","2021/09/15 20:30:29.862","C7A37F9AAEC4D5E9E053A6AF550AE7EA","rarora@methanex.com","","",""
"DEFAULT","CST","MX_TRADE_IN_DEFAULT","DEFAULT","MX_TRADE_IN_DEFAULT","CST","","S","SUBINVENTORY_CODE","rarora@methanex.com","2021/09/15 20:30:20.269","","2","2021/09/15 20:30:29.889","C7A37F9AAEC4D5E9E053A6AF550AE7EA","rarora@methanex.com","","",""
"DEFAULT","CST","MX_TRADE_IN_DEFAULT","DEFAULT","MX_TRADE_IN_DEFAULT","CST","","S","CST_CATEGORY_ID","rarora@methanex.com","2021/09/15 20:30:20.304","","3","2021/09/15 20:30:29.891","C7A37F9AAEC4D5E9E053A6AF550AE7EA","rarora@methanex.com","","","ORA_CST_XLA_CST_CATEGORIES_VS"
"DEFAULT","CST","MX_TRADE_IN_DEFAULT","DEFAULT","MX_TRADE_IN_DEFAULT","CST","","S","ITEM_NUMBER","rarora@methanex.com","2021/09/15 20:30:20.616","","4","2021/09/15 20:30:29.892","C7A37F9AAEC4D5E9E053A6AF550AE7EA","rarora@methanex.com","","",""
"DEFAULT","AR","LE_CREDIT_MEMO_TAX_MAPPING_SET","DEFAULT","LE_CREDIT_MEMO_TAX_MAPPING_SET","XLA","","Y","XLA_LEGAL_ENTITY_ID","hmahajan@methanex.com","2023/01/25 19:00:20.249","","1","2023/01/25 19:01:26.539","F2C414A393052DECE0539052500AE42D","hmahajan@methanex.com","","",""
"DEFAULT","AR","LE_FOS_MAPPING_SEGMENT","DEFAULT","LE_FOS_MAPPING_SEGMENT","AR","","S","TRX_TYPE_NAME","AR.Admin","2021/03/24 18:21:46.034","","1","2021/03/24 18:23:10.591","BAAEAC355B1AF4A1E053A6AF550A0AFC","AR.Admin","","",""
"DEFAULT","CST","MX_NA_INV_MISC_TXNS","DEFAULT","MX_NA_INV_MISC_TXNS","CST","C","F","MX_LOCATION","COST.Admin","2020/12/12 02:44:11.277","","1","2020/12/12 02:44:12.555","B3879C3A4489F419E053A6AF550AA163","COST.Admin","","",""
"DEFAULT","CST","MX_OFFSET","DEFAULT","MX_OFFSET","CST","","S","INV_ORG_CODE","COST.Admin","2020/12/12 02:44:06.067","","1","2020/12/12 02:44:12.576","B3879C3A4489F419E053A6AF550AA163","COST.Admin","","",""
"DEFAULT","CST","MX_OFFSET","DEFAULT","MX_OFFSET","CST","","S","SUBINVENTORY_CODE","COST.Admin","2020/12/12 02:44:06.082","","2","2020/12/12 02:44:12.578","B3879C3A4489F419E053A6AF550AA163","COST.Admin","","",""
"DEFAULT","CST","MX_OFFSET","DEFAULT","MX_OFFSET","CST","","S","CST_CATEGORY_ID","COST.Admin","2020/12/12 02:44:06.107","","3","2020/12/12 02:44:12.579","B3879C3A4489F419E053A6AF550AA163","COST.Admin","","","ORA_CST_XLA_CST_CATEGORIES_VS"
"DEFAULT","CST","MX_OFFSET","DEFAULT","MX_OFFSET","CST","","S","ITEM_NUMBER","COST.Admin","2020/12/12 02:44:06.209","","4","2020/12/12 02:44:12.582","B3879C3A4489F419E053A6AF550AA163","COST.Admin","","",""
"DEFAULT","CST","MX_NA_INV_ACQ_COST_ADJ","DEFAULT","MX_NA_INV_ACQ_COST_ADJ","CST","C","F","MX_LOCATION__ACQUISITION_COST","COST.Admin","2020/12/12 02:44:11.383","","1","2020/12/12 02:44:12.598","B3879C3A4489F419E053A6AF550AA163","COST.Admin","","",""
"DEFAULT","CMR","MX_IC_ACCRUAL","DEFAULT","MX_IC_ACCRUAL","CST","","S","INV_ORG_CODE","COST.Admin","2020/12/12 02:44:06.71","","1","2020/12/12 02:44:12.624","B3879C3A4489F419E053A6AF550AA163","COST.Admin","","",""
"DEFAULT","CMR","MX_IC_ACCRUAL","DEFAULT","MX_IC_ACCRUAL","CST","","S","INV_CATEGORY_ID","COST.Admin","2020/12/12 02:44:06.757","","2","2020/12/12 02:44:12.636","B3879C3A4489F419E053A6AF550AA163","COST.Admin","","","ORA_CST_XLA_INV_CATEGORIES_VS"
"DEFAULT","CMR","MX_IC_ACCRUAL","DEFAULT","MX_IC_ACCRUAL","CST","","S","ITEM_NUMBER","COST.Admin","2020/12/12 02:44:06.952","","3","2020/12/12 02:44:12.64","B3879C3A4489F419E053A6AF550AA163","COST.Admin","","",""
"DEFAULT","CMR","MX_RET_COMPANY","DEFAULT","MX_RET_COMPANY","CMR","","S","BILL_TO_BUSINESS_UNIT_ID","COST.Admin","2020/12/12 02:44:11.498","","1","2020/12/12 02:44:12.658","B3879C3A4489F419E053A6AF550AA163","COST.Admin","","",""
"DEFAULT","AR","MX_IC_COMPANY_SEG_ADJ","DEFAULT","MX_IC_COMPANY_SEG_ADJ","AR","","S","TRX_OPER_UNIT","mdezilva@methanex.com","2024/02/21 20:00:49.125","","1","2024/02/21 20:03:28.5","11E6AC64D47750B6E063ED53500AA467","mdezilva@methanex.com","","",""
"DEFAULT","AR","MX_IC_COMPANY_SEG_ADJ","DEFAULT","MX_IC_COMPANY_SEG_ADJ","AR","","S","REC_ACT_NAME","mdezilva@methanex.com","2024/02/21 20:01:02.523","","2","2024/02/21 20:03:28.506","11E6AC64D47750B6E063ED53500AA467","mdezilva@methanex.com","","",""
"DEFAULT","AR","MX_IC_COMPANY_SEG_INV","DEFAULT","MX_IC_COMPANY_SEG_INV","AR","","S","TRX_TYPE_NAME","mdezilva@methanex.com","2024/05/07 19:29:55.292","","1","2024/05/07 19:31:41.783","172B00C434C32EFDE063CE95500A1F66","mdezilva@methanex.com","","",""
"DEFAULT","AR","MX_IC_COMPANY_SEG_CMS","DEFAULT","MX_IC_COMPANY_SEG_CMS","AR","","S","CM_TRX_TYPE_NAME","mdezilva@methanex.com","2024/05/07 20:21:59.13","","1","2024/05/07 20:22:42.053","172B00C434C32EFDE063CE95500A1F66","mdezilva@methanex.com","","",""
