"AmbContextCode","ApplicationShortName","MappingSetCode","CreatedBy","CreationDate","DefaultValue","Description","EnabledFlag","FlexfieldAssignModeCode","FlexfieldSegmentCode","LastUpdateDate","LastUpdateLogin","LastUpdatedBy","Name","NumInputs","OwnerCode","ToBeDeleted","UpdatedFlag","VersionNum"
"DEFAULT","PO","PO_EXPENSE_ACCR_ACCT_BU_MS","SEED_DATA_FROM_APPLICATION","2018/07/15 00:59:28.0","-1","The Mapping set for Expense Accrual Account by Business Unit","Y","A","","2023/11/09 00:33:56.645","09AB4FFEE1F8B9F1E0639052500A1670","methanex.integ@methanex.com","Expense Accrual Account - Business Unit","1","S","","N","1"
"DEFAULT","CMR","CMR_EXCHANGE_VARIANCE_ADJ","SEED_DATA_FROM_APPLICATION","2018/07/15 01:22:59.827","-1","Mapping set created for account rule: Exchange Variance Adjustment","Y","A","","2021/02/09 20:20:27.535","BAAEBD5FBCD5F781E053A6AF550A0F53","COST.Admin","Exchange Variance Adjustment","3","S","","N","1"
"DEFAULT","CST","CST_ACCRUAL_ACCT_ORG_MS","SEED_DATA_FROM_APPLICATION","2018/07/15 01:24:15.001","-1","","Y","A","","2023/11/09 00:33:59.497","09AB4FFEE1F8B9F1E0639052500A1670","methanex.integ@methanex.com","Accrual Account - Organization","1","S","","N","1"
"DEFAULT","CST","CST_EXPENSE_ACCT_ORG_MS","SEED_DATA_FROM_APPLICATION","2018/07/15 01:24:16.96","-1","","Y","A","","2020/12/01 22:24:49.893","B386DBB41FC2ABB2E053A4AF550A579C","GL.Admin","Expense Account - Organization","1","S","","N","1"
"DEFAULT","CST","CST_INV_PRICE_VAR_ACCT_ORG_MS","SEED_DATA_FROM_APPLICATION","2018/07/15 01:24:18.131","-1","","Y","A","","2023/11/09 00:34:00.191","09AB4FFEE1F8B9F1E0639052500A1670","methanex.integ@methanex.com","Invoice Price Variance Account - Organization","1","S","","N","1"
"DEFAULT","CST","CST_MATERIAL_ACCT_ORG_MS","SEED_DATA_FROM_APPLICATION","2018/07/15 01:24:18.335","-1","","Y","A","","2023/11/09 00:34:00.904","09AB4FFEE1F8B9F1E0639052500A1670","methanex.integ@methanex.com","Material Account - Organization","1","S","","N","1"
"DEFAULT","PO","MX_PO_DEPARTMENT_CC_MS","PO.Admin","2020/12/11 18:48:08.001","DefVal1","The mapping set for Department by Category","Y","S","","2023/11/09 00:33:56.713","09AB4FFEE1F8B9F1E0639052500A1670","methanex.integ@methanex.com","MX Purchasing Department (CC) for TAB","1","C","","Y","1"
"DEFAULT","CST","MX_COMPANY","COST.Admin","2020/12/12 02:44:07.221","DefVal1","Mapping Set for Company Segment","Y","S","","2023/11/09 00:33:57.809","09AB4FFEE1F8B9F1E0639052500A1670","methanex.integ@methanex.com","MX Company","1","C","","Y","1"
"DEFAULT","PO","MX_PO_NATURAL_ACCOUNT_MS","GL.Admin","2020/12/01 22:24:44.405","DefVal1","The mapping set for Natural Account by Category
","Y","S","","2023/11/09 00:33:55.63","09AB4FFEE1F8B9F1E0639052500A1670","methanex.integ@methanex.com","MX Purchasing Natural Account for TAB","1","C","","Y","1"
"DEFAULT","AR","LE_MAPPING_SET","GL.Admin","2020/12/01 22:24:49.534","DefVal1","LE_MAPPING_SET
","Y","S","","2023/11/09 00:33:57.71","09AB4FFEE1F8B9F1E0639052500A1670","methanex.integ@methanex.com","LE_MAPPING_SET","1","C","","Y","1"
"DEFAULT","CST","MX_INTERCOMPANY","COST.Admin","2020/12/12 02:44:07.302","DefVal1","Mapping Set for Intercompany Segment","Y","S","","2023/11/09 00:33:58.627","09AB4FFEE1F8B9F1E0639052500A1670","methanex.integ@methanex.com","MX Intercompany","1","C","","Y","1"
"DEFAULT","CMR","MX_TRADE_CLEARING","COST.Admin","2020/12/12 02:44:07.413","-1","MX Trade Clearing","Y","A","","2020/12/15 01:54:03.729","B387BCE5024BF3B8E053A6AF550A87DC","COST.Admin","MX Trade Clearing","3","C","","N","1"
"DEFAULT","CST","MX_LOC_DIR_ORG_XFER","COST.Admin","2020/12/12 02:44:07.528","DefVal1","MX Location - Direct Org Transfer","Y","S","","2023/11/09 00:33:59.185","09AB4FFEE1F8B9F1E0639052500A1670","methanex.integ@methanex.com","MX Location - Direct Org Transfer","1","C","","Y","1"
"DEFAULT","CST","MX_LOC_INTRANSIT_INTERORG_XFER","COST.Admin","2020/12/12 02:44:07.664","DefVal1","MX Location - Intransit Interorg Xfer","Y","S","","2023/11/09 00:33:59.392","09AB4FFEE1F8B9F1E0639052500A1670","methanex.integ@methanex.com","MX Location - Intransit Interorg Xfer","1","C","","Y","1"
"DEFAULT","CST","MX_LOC_SO_ISSUE","COST.Admin","2020/12/12 02:44:07.777","DefVal1","MX Location - SO Issue","Y","S","","2023/11/09 00:34:00.094","09AB4FFEE1F8B9F1E0639052500A1670","methanex.integ@methanex.com","MX Location - SO Issue","1","C","","Y","1"
"DEFAULT","CST","MX_INV_VALUATION","COST.Admin","2020/12/12 02:44:08.042","DefVal1","MX Inventory Valuation","Y","A","","2023/11/09 00:33:58.301","09AB4FFEE1F8B9F1E0639052500A1670","methanex.integ@methanex.com","MX Inventory Valuation","2","C","","Y","1"
"DEFAULT","CMR","MX_RCV_INSPECTION","COST.Admin","2020/12/12 02:44:08.137","-1","MX Receiving Inspection","Y","A","","2021/02/09 20:13:14.1","BAAEBD5FBCD5F781E053A6AF550A0F53","COST.Admin","MX Receiving Inspection","3","C","","N","1"
"DEFAULT","CST","MX_MAT_OVERHEAD_ABS","COST.Admin","2020/12/12 02:44:01.001","-1","MX Material Overhead Absorption","Y","A","","2021/04/07 00:04:20.521","BAAEABB903A9F76FE053A6AF550A4EF8","COST.Admin","MX Material Overhead Absorption","2","C","","N","1"
"DEFAULT","AR","IC_SEGMENT_MAPPING","AR.Admin","2021/03/24 17:07:31.001","DefVal1","INTERCOMPANY_SEGMENT_MAPPING","Y","S","","2023/11/09 00:34:02.819","09AB4FFEE1F8B9F1E0639052500A1670","methanex.integ@methanex.com","INTERCOMPANY_SEGMENT_MAPPING","2","C","","Y","1"
"DEFAULT","CST","MX_TRADE_INTRANSIT_VAL","COST.Admin","2020/12/12 02:44:06.348","DefVal1","MX Trade In-Transit Valuation","Y","A","","2023/11/09 00:33:59.885","09AB4FFEE1F8B9F1E0639052500A1670","methanex.integ@methanex.com","MX Trade In-Transit Valuation - DO NOT USE","2","C","","Y","1"
"DEFAULT","CST","MX_LOC_PO_DEL","COST.Admin","2020/12/12 02:44:06.52","DefVal1","MX Location - PO Delivery","Y","S","","2023/11/09 00:34:00.006","09AB4FFEE1F8B9F1E0639052500A1670","methanex.integ@methanex.com","MX Location - PO Delivery","1","C","","Y","1"
"DEFAULT","CST","MX_INTERORG_GAIN_LOSS","COST.Admin","2020/12/12 02:44:06.969","-1","MX Interorganization Gain Loss","Y","A","","2020/12/15 09:38:00.761","B386E131F3BDA975E053A4AF550A4ACF","COST.Admin","MX Interorganization Gain Loss","4","C","","N","1"
"DEFAULT","CST","MX_NA_INV_SO_ISSUE","COST.Admin","2020/12/12 02:44:10.572","DefVal1","MX NA INV - SO Issue","Y","S","","2023/11/09 00:34:00.611","09AB4FFEE1F8B9F1E0639052500A1670","methanex.integ@methanex.com","MX NA INV - SO Issue","1","C","","Y","1"
"DEFAULT","CST","MX_DEPT_OFFSET","COST.Admin","2020/12/12 02:44:10.668","DefVal1","MX Department - Offset","Y","S","","2020/12/12 02:44:12.437","B3879C3A4489F419E053A6AF550AA163","COST.Admin","MX Department - Offset","1","C","","Y","1"
"DEFAULT","CST","MX_NA_INV_INTRANSIT_XFER","COST.Admin","2020/12/12 02:44:10.768","DefVal1","MX NA INV - Intransit Interorg Xfer","Y","S","","2023/11/09 00:34:00.181","09AB4FFEE1F8B9F1E0639052500A1670","methanex.integ@methanex.com","MX NA INV - Intransit Interorg Xfer","1","C","","Y","1"
"DEFAULT","CST","MX_NA_INV_DIRECT_ORG_XFER","COST.Admin","2020/12/12 02:44:10.869","DefVal1","MX NA INV - Direct Org Transfer","Y","S","","2023/11/09 00:33:59.488","09AB4FFEE1F8B9F1E0639052500A1670","methanex.integ@methanex.com","MX NA INV - Direct Org Transfer","1","C","","Y","1"
"DEFAULT","CST","MX_LOC_ACQ_COST_ADJ","COST.Admin","2020/12/12 02:44:10.983","DefVal1","MX Location - Acquisition Cost Adjustment","Y","S","","2023/11/09 00:33:58.332","09AB4FFEE1F8B9F1E0639052500A1670","methanex.integ@methanex.com","MX Location - Acquisition Cost Adjustment","1","C","","Y","1"
"DEFAULT","CST","MX_LOC_IC_COGS","COST.Admin","2020/12/12 02:44:11.09","DefVal1","MX Location - Intercompany COGS","Y","S","","2023/11/09 00:34:00.52","09AB4FFEE1F8B9F1E0639052500A1670","methanex.integ@methanex.com","MX Location - Intercompany COGS","1","C","","Y","1"
"DEFAULT","CMR","MX_INTER_ORG_PAYABLES","COST.Admin","2020/12/12 02:44:08.245","-1","MX Inter Organization Payables","Y","A","","2020/12/15 01:51:14.793","B387BCE5024BF3B8E053A6AF550A87DC","COST.Admin","MX Inter Organization Payables","3","C","","N","1"
"DEFAULT","CMR","MX_TRADE_INTRANSIT_VALUATION","COST.Admin","2020/12/12 02:44:08.349","-1","MX Trade In-Transit Valuation","Y","A","","2020/12/15 01:55:09.226","B387BCE5024BF3B8E053A6AF550A87DC","COST.Admin","MX Trade In-Transit Valuation","3","C","","N","1"
"DEFAULT","CST","MX_INTERORG_PAYABLES","COST.Admin","2020/12/12 02:44:08.459","-1","MX Interorganization Payables","Y","A","","2020/12/15 09:38:33.019","B386E131F3BDA975E053A4AF550A4ACF","COST.Admin","MX Interorganization Payables","4","C","","N","1"
"DEFAULT","CMR","MX_ACCRUAL","COST.Admin","2020/12/12 02:44:08.585","-1","MX Accrual","Y","A","","2021/02/12 17:46:50.353","BAAEABB8761CF76FE053A6AF550A4EF8","COST.Admin","MX Accrual","3","C","","N","1"
"DEFAULT","CST","MX_COGS","COST.Admin","2020/12/12 02:44:08.718","DefVal1","MX Cost of Goods Sold","Y","A","","2023/11/09 00:34:00.621","09AB4FFEE1F8B9F1E0639052500A1670","methanex.integ@methanex.com","MX Cost of Goods Sold","2","C","","Y","1"
"DEFAULT","CST","MX_INTERORG_RECEIVABLES","COST.Admin","2020/12/12 02:44:08.812","-1","MX Interorganization Receivables","Y","A","","2020/12/15 09:39:09.793","B386E131F3BDA975E053A4AF550A4ACF","COST.Admin","MX Interorganization Receivables","4","C","","N","1"
"DEFAULT","CST","MX_PIN_INTERCOMPANY","COST.Admin","2020/12/12 02:44:08.932","DefVal1","Intercompany Segment for Profit in Inventory Cost Element","Y","S","","2023/11/09 00:33:59.901","09AB4FFEE1F8B9F1E0639052500A1670","methanex.integ@methanex.com","MX PIN Intercompany","1","C","","Y","1"
"DEFAULT","CST","MX_NA_WF_COGS","COST.Admin","2020/12/12 02:44:09.009","DefVal1","MX NA - WF COGS","Y","S","","2023/11/09 00:33:59.276","09AB4FFEE1F8B9F1E0639052500A1670","methanex.integ@methanex.com","MX NA - WF COGS","3","C","","Y","1"
"DEFAULT","CST","MX_CST_TRADE_CLEARING","COST.Admin","2020/12/12 02:44:09.183","-1","MX Trade Clearing","Y","A","","2020/12/15 09:36:34.658","B386E131F3BDA975E053A4AF550A4ACF","COST.Admin","MX Trade Clearing","4","C","","N","1"
"DEFAULT","CST","MX_LOC_COST_ADJ","COST.Admin","2020/12/12 02:44:09.395","DefVal1","MX Location - Cost Adjustment","Y","S","","2023/11/09 00:33:58.423","09AB4FFEE1F8B9F1E0639052500A1670","methanex.integ@methanex.com","MX Location - Cost Adjustment","1","C","","Y","1"
"DEFAULT","CST","MX_RECEIVING_INSPECTION","COST.Admin","2020/12/12 02:44:09.486","-1","MX Receiving Inspection","Y","A","","2020/12/15 09:37:26.019","B386E131F3BDA975E053A4AF550A4ACF","COST.Admin","MX Receiving Inspection","4","C","","N","1"
"DEFAULT","CST","MX_LOCATION","COST.Admin","2020/12/12 02:44:09.616","DefVal1","MX Location - Misc Txns","Y","S","","2023/11/09 00:33:59.799","09AB4FFEE1F8B9F1E0639052500A1670","methanex.integ@methanex.com","MX Location - Misc Txns","1","C","","Y","1"
"DEFAULT","CMR","MX_RCV_COMPANY","COST.Admin","2020/12/12 02:44:09.739","DefVal1","MX Company","Y","S","","2023/11/09 14:52:35.429","09A568F2E43F184FE063ED53500AC390","mdezilva@methanex.com","MX RCV Company","1","C","","Y","1"
"DEFAULT","CST","MX_IC_COGS","COST.Admin","2020/12/12 02:44:09.863","DefVal1","MX Intercompany COGS","Y","A","","2023/11/09 00:33:59.071","09AB4FFEE1F8B9F1E0639052500A1670","methanex.integ@methanex.com","MX Intercompany COGS","2","C","","Y","1"
"DEFAULT","CST","MX_DEPT_COGS","COST.Admin","2020/12/12 02:44:09.965","DefVal1","MX Department - COGS","Y","S","","2023/11/09 00:33:59.383","09AB4FFEE1F8B9F1E0639052500A1670","methanex.integ@methanex.com","MX Department - COGS","1","C","","Y","1"
"DEFAULT","CST","MX_DEST_IC_COGS","COST.Admin","2020/12/12 02:44:10.057","DefVal1","MX Destination - IC COGS","Y","S","","2023/11/09 00:33:59.099","09AB4FFEE1F8B9F1E0639052500A1670","methanex.integ@methanex.com","MX Destination - IC COGS","1","C","","Y","1"
"DEFAULT","CST","MX_DEST_COGS","COST.Admin","2020/12/12 02:44:10.157","DefVal1","MX Destination - COGS","Y","S","","2024/04/15 07:16:17.731","161991F88BD6BDE8E0639052500AAA71","clwong@methanex.com","MX Destination - COGS","1","C","","Y","1"
"DEFAULT","CST","MX_NA_OFFSET","COST.Admin","2020/12/12 02:44:10.267","DefVal1","MX NA - Offset ","Y","S","","2024/05/07 13:49:45.994","172AEBA2DECE2EF7E063CE95500AA0B4","hmurali@methanex.com","MX NA - Offset ","1","C","","Y","1"
"DEFAULT","CST","MX_INV_NA_COST_ADJ","COST.Admin","2020/12/12 02:44:10.368","DefVal1","MX NA INV - Cost Adjustment","Y","S","","2023/11/09 00:33:59.479","09AB4FFEE1F8B9F1E0639052500A1670","methanex.integ@methanex.com","MX NA INV - Cost Adjustment","1","C","","Y","1"
"DEFAULT","CST","MX_NA_INV_PO_DEL","COST.Admin","2020/12/12 02:44:10.472","DefVal1","MX NA INV - PO Delivery","Y","S","","2023/11/09 00:34:00.509","09AB4FFEE1F8B9F1E0639052500A1670","methanex.integ@methanex.com","MX NA INV - PO Delivery","1","C","","Y","1"
"DEFAULT","CMR","MX_EXCHANGE_VAR_ADJ","COST.Admin","2021/02/09 20:18:35.686","-1","MX Exchange Variance Adjustment","Y","A","","2021/02/12 17:56:25.434","BAAEABB8761CF76FE053A6AF550A4EF8","COST.Admin","MX Exchange Variance Adjustment","3","C","","N","1"
"DEFAULT","AR","MX_IC_COMPANY_SEG_DM","mdezilva@methanex.com","2024/05/07 19:31:50.944","DefVal1","MX Intercompany Company Segment for Mapping Set for Debit Memos","Y","S","","2024/05/07 19:33:36.692","172B00C434C32EFDE063CE95500A1F66","mdezilva@methanex.com","MX Intercompany Debit Memo Company Segment","1","C","","Y","1"
"DEFAULT","AP","MX_TT_TAX","AP.Admin","2020/12/14 16:09:33.001","DefVal1","MX Trinidad Tax Mapping Rule for Legal Entity Company Segment Values","Y","S","","2023/11/09 00:33:57.797","09AB4FFEE1F8B9F1E0639052500A1670","methanex.integ@methanex.com","MX Trinidad Tax","2","C","","Y","1"
"DEFAULT","AR","LRMS","smodi@methanex.com","2021/06/04 18:13:51.002","DefVal1","LE_RECEIPT_MAPPING_SET","Y","S","","2023/11/09 00:34:02.81","09AB4FFEE1F8B9F1E0639052500A1670","methanex.integ@methanex.com","LE_RECEIPT_MAPPING_SET","2","C","","Y","1"
"DEFAULT","AP","MX_TT_TAX_CM","ymarwaha@methanex.com","2021/06/23 18:37:05.002","DefVal1","MX Trinidad Tax Mapping Rule for Legal Entity Company Segment Values","Y","S","","2023/11/09 00:34:02.802","09AB4FFEE1F8B9F1E0639052500A1670","methanex.integ@methanex.com","MX Trinidad Tax CM","2","C","","Y","1"
"DEFAULT","CST","MX_DEST_IC_COGS_RET","COST.Admin","2021/03/30 16:07:35.001","DefVal1","MX Destination - IC COGS Return","Y","S","","2023/11/09 00:34:02.884","09AB4FFEE1F8B9F1E0639052500A1670","methanex.integ@methanex.com","MX Destination - IC COGS Return","1","C","","Y","1"
"DEFAULT","CST","MX_TRADE_IN_DEFAULT","rarora@methanex.com","2021/09/15 20:30:18.857","-1","MX Trade In-Transit Valuation","Y","A","","2021/09/15 20:40:56.137","C7A37BD402FDD527E053A6AF550A36F8","rarora@methanex.com","MX Trade In-Transit Valuation","4","C","","N","1"
"DEFAULT","AR","LE_CREDIT_MEMO_TAX_MAPPING_SET","hmahajan@methanex.com","2023/01/25 18:59:25.001","DefVal1","Legal Entity Mapping Segment for Interco Credit Memo Transaction type","Y","S","","2023/11/09 00:34:02.66","09AB4FFEE1F8B9F1E0639052500A1670","methanex.integ@methanex.com","LE_CREDIT_MEMO_TAX_MAPPING_SET","1","C","","Y","1"
"DEFAULT","AR","LE_FOS_MAPPING_SEGMENT","AR.Admin","2021/03/24 18:21:01.002","DefVal1","Legal Entity Mapping Segment for FOS Transactions
","Y","S","","2024/05/06 20:06:37.326","172AE374F8012EF1E063CE95500A0485","mdezilva@methanex.com","LE_FOS_MAPPING_SEGMENT","1","C","","Y","1"
"DEFAULT","CST","MX_NA_INV_MISC_TXNS","COST.Admin","2020/12/12 02:44:11.193","DefVal1","MX NA INV - Misc Transactions","Y","S","","2023/11/09 00:34:00.602","09AB4FFEE1F8B9F1E0639052500A1670","methanex.integ@methanex.com","MX NA INV - Misc Transactions","1","C","","Y","1"
"DEFAULT","CST","MX_OFFSET","COST.Admin","2020/12/12 02:44:05.994","-1","MX Offset","Y","A","","2020/12/15 09:35:37.521","B386E131F3BDA975E053A4AF550A4ACF","COST.Admin","MX Offset","4","C","","N","1"
"DEFAULT","CST","MX_NA_INV_ACQ_COST_ADJ","COST.Admin","2020/12/12 02:44:11.298","DefVal1","MX NA INV - Acquisition Cost Adjustment","Y","S","","2023/11/09 00:34:00.593","09AB4FFEE1F8B9F1E0639052500A1670","methanex.integ@methanex.com","MX NA INV - Acquisition Cost Adjustment","1","C","","Y","1"
"DEFAULT","CMR","MX_IC_ACCRUAL","COST.Admin","2020/12/12 02:44:06.64","-1","MX Inter Company Accrual","Y","A","","2021/04/06 20:30:38.545","BAAE3D16CC43B8A3E053A4AF550A865A","INV.Admin","MX Inter Company Accrual","3","C","","N","1"
"DEFAULT","CMR","MX_RET_COMPANY","COST.Admin","2020/12/12 02:44:11.413","DefVal1","MX RCV Company - Returns","Y","S","","2023/11/09 00:33:58.509","09AB4FFEE1F8B9F1E0639052500A1670","methanex.integ@methanex.com","MX RCV Company - Returns","1","C","","Y","1"
"DEFAULT","AR","MX_IC_COMPANY_SEG_ADJ","mdezilva@methanex.com","2024/02/21 19:59:13.001","DefVal1","MX Intercompany Company Segment for Mapping Set for Adjustments","Y","S","","2024/02/21 20:03:28.484","11E6AC64D47750B6E063ED53500AA467","mdezilva@methanex.com","MX Intercompany Adjustment Company Segment","2","C","","Y","1"
"DEFAULT","AR","MX_IC_COMPANY_SEG_INV","mdezilva@methanex.com","2024/05/07 19:29:07.229","DefVal1","MX Intercompany Company Segment for Mapping Set for Invoices","Y","S","","2024/05/07 19:31:41.763","172B00C434C32EFDE063CE95500A1F66","mdezilva@methanex.com","MX Intercompany Invoice Company Segment","1","C","","Y","1"
"DEFAULT","AR","MX_IC_COMPANY_SEG_CMS","mdezilva@methanex.com","2024/05/07 20:20:57.001","DefVal1","MX Intercompany Company Segment for Mapping Set for Credit Memos","Y","S","","2024/05/07 20:33:18.0","172B00C434C32EFDE063CE95500A1F66","mdezilva@methanex.com","MX Intercompany Credit Memo Company Segment","1","C","","Y","1"
